1542829417.850374;943;0;0;1542829415.165541;4.404439238158794;-75.14453478806318;964.7518;14.45019;200.6135705655684;3.162277698516846;16.00241654736175;-9999;1542829415.17761;-24.41548156738281;-3.109794616699219;-24.43609619140625;3.075271606445312;9.764137268066406;15;80844.810623875;-0.1163177490234375;-0.9315643310546875;-0.353271484375;80844.809646875;-0.1362843393076059;1.228564147753174;-0.4403361093814075;80844.79820287501;125.1001281738281;120.0406646728516;-479.7075500488281;80844.71141087501;-1.6373306025051;-0.6403319985923857;1.12900948019044;0.03557610511779785;0.4805332124233246;0.409882128238678;-0.06033259630203247;-0.05447626113891602;-0.08826637268066406;2;-0.1527680456638336;0.5524799823760986;0.7006247043609619;-0.4249150454998016;-0.2554479837417603;-0.9039891362190247;-0.3428555727005005;-21.16527557373047;-5.802452087402344;-27.23922729492188;2;80842.92992775001;1;2;1542829411.90154;80841.482145;0;1.371338;90.53313;0;179348320;1;1;0.48;-120;-120;4
1542829418.841053;944;0;0;1542829415.165541;4.404439238158794;-75.14453478806318;964.7518;14.45019;200.6135705655684;3.162277698516846;16.00241654736175;-9999;1542829415.319313;-24.73363494873047;-1.793533325195312;-25.14849853515625;4.330781936645508;11.0196475982666;15;80844.820663875;-0.15203857421875;-1.048538208007812;-0.5594635009765625;80844.81968687501;-0.5255391547685306;0.9390913204347932;-0.3727370914319262;80844.817642875;125.9249267578125;120.1224212646484;-480.0103149414062;80844.71141087501;-1.6373306025051;-0.6403319985923857;1.12900948019044;0.03557610511779785;0.4805332124233246;0.409882128238678;-0.06033259630203247;-0.05447626113891602;-0.08826637268066406;2;-0.1527680456638336;0.5524799823760986;0.7006247043609619;-0.4249150454998016;-0.2554479837417603;-0.9039891362190247;-0.3428555727005005;-21.16527557373047;-5.802452087402344;-27.23922729492188;2;80842.92992775001;1;2;1542829411.90154;80841.482145;0;1.371338;90.53313;0;179348320;1;1;0.48;-120;-120;4
1542829418.983677;945;0;0;1542829415.165541;4.404439238158794;-75.14453478806318;964.7518;14.45019;200.6135705655684;3.162277698516846;16.00241654736175;-9999;1542829415.419512;-24.71041107177734;-0.4728469848632812;-25.361572265625;4.79710865020752;11.48597431182861;15;80844.83067387501;-0.2863006591796875;-1.09173583984375;-0.658599853515625;80844.82969687501;-1.047006868862548;0.6253192786983114;-0.2049286479849433;80844.817642875;125.9249267578125;120.1224212646484;-480.0103149414062;80844.71141087501;-1.6373306025051;-0.6403319985923857;1.12900948019044;0.03557610511779785;0.4805332124233246;0.409882128238678;-0.06033259630203247;-0.05447626113891602;-0.08826637268066406;2;-0.1527680456638336;0.5524799823760986;0.7006247043609619;-0.4249150454998016;-0.2554479837417603;-0.9039891362190247;-0.3428555727005005;-21.16527557373047;-5.802452087402344;-27.23922729492188;2;80842.92992775001;1;2;1542829411.90154;80841.482145;0;1.371338;90.53313;0;179348320;1;1;0.48;-120;-120;4
1542829419.361602;946;0;0;1542829415.165541;4.404439238158794;-75.14453478806318;964.7518;14.45019;200.6135705655684;3.162277698516846;16.00241654736175;-9999;1542829415.570108;-24.92506408691406;-2.582160949707031;-23.97882080078125;3.588565826416016;10.27743148803711;15;80844.84068387501;-0.3495025634765625;-0.968505859375;-0.561248779296875;80844.83970687501;-1.363126487099935;0.7877614525487846;-0.1427204007140004;80844.837112875;125.9996337890625;120.2732238769531;-480.4589233398438;80844.71141087501;-1.6373306025051;-0.6403319985923857;1.12900948019044;0.03557610511779785;0.4805332124233246;0.409882128238678;-0.06033259630203247;-0.05447626113891602;-0.08826637268066406;2;-0.1527680456638336;0.5524799823760986;0.7006247043609619;-0.4249150454998016;-0.2554479837417603;-0.9039891362190247;-0.3428555727005005;-21.16527557373047;-5.802452087402344;-27.23922729492188;2;80842.92992775001;1;2;1542829411.90154;80841.482145;0;1.371338;90.53313;0;179348320;1;1;0.48;-120;-120;4
1542829419.451752;947;0;0;1542829415.165541;4.404439238158794;-75.14453478806318;964.7518;14.45019;200.6135705655684;3.162277698516846;16.00241654736175;-9999;1542829415.620241;-25.08618927001953;-3.409355163574219;-23.95870971679688;3.523215293884277;10.21208095550537;15;80844.850692875;-0.266510009765625;-0.8757781982421875;-0.4776153564453125;80844.849716875;-1.614543008757192;0.8224366088899433;-0.2362809782340102;80844.837112875;125.9996337890625;120.2732238769531;-480.4589233398438;80844.71141087501;-1.6373306025051;-0.6403319985923857;1.12900948019044;0.03557610511779785;0.4805332124233246;0.409882128238678;-0.06033259630203247;-0.05447626113891602;-0.08826637268066406;2;-0.1527680456638336;0.5524799823760986;0.7006247043609619;-0.4249150454998016;-0.2554479837417603;-0.9039891362190247;-0.3428555727005005;-21.16527557373047;-5.802452087402344;-27.23922729492188;2;80842.92992775001;1;2;1542829411.90154;80841.482145;0;1.371338;90.53313;0;179348320;1;1;0.48;-120;-120;4
1542829419.704938;948;0;0;1542829415.165541;4.404439238158794;-75.14453478806318;964.7518;14.45019;200.6135705655684;3.162277698516846;16.00241654736175;-9999;1542829415.720102;-25.64057159423828;-4.822746276855469;-22.9906005859375;4.222447395324707;10.9113130569458;15;80844.860733875;-0.23681640625;-0.7859649658203125;-0.562225341796875;80844.85975687501;-1.755325693462051;0.2414035685907776;0.06431054663545147;80844.856552875;126.5239562988281;121.2526092529297;-480.8250122070312;80844.71141087501;-1.6373306025051;-0.6403319985923857;1.12900948019044;0.03557610511779785;0.4805332124233246;0.409882128238678;-0.06033259630203247;-0.05447626113891602;-0.08826637268066406;2;-0.1527680456638336;0.5524799823760986;0.7006247043609619;-0.4249150454998016;-0.2554479837417603;-0.9039891362190247;-0.3428555727005005;-21.16527557373047;-5.802452087402344;-27.23922729492188;2;80842.92992775001;1;2;1542829411.90154;80841.482145;0;1.371338;90.53313;0;179348320;1;1;0.48;-120;-120;4
1542829419.905016;949;0;0;1542829415.165541;4.404439238158794;-75.14453478806318;964.7518;14.45019;200.6135705655684;3.162277698516846;16.00241654736175;-9999;1542829415.821196;-25.80933380126953;-4.564178466796875;-22.76107788085938;4.688804626464844;11.37767028808594;15;80844.87074287501;-0.0872955322265625;-0.6808624267578125;-0.6341552734375;80844.86976687501;-1.77988323450589;-0.08900843626873731;0.1889102666603347;80844.856552875;126.5239562988281;121.2526092529297;-480.8250122070312;80844.71141087501;-1.6373306025051;-0.6403319985923857;1.12900948019044;0.03557610511779785;0.4805332124233246;0.409882128238678;-0.06033259630203247;-0.05447626113891602;-0.08826637268066406;2;-0.1527680456638336;0.5524799823760986;0.7006247043609619;-0.4249150454998016;-0.2554479837417603;-0.9039891362190247;-0.3428555727005005;-21.16527557373047;-5.802452087402344;-27.23922729492188;2;80842.92992775001;1;2;1542829411.90154;80842.435642;0;1.371338;90.53313;0;179348320;1;1;0.48;-120;-120;4
1542829420.89116;950;0;0;1542829415.165541;4.404439238158794;-75.14453478806318;964.7518;14.45019;200.6135705655684;3.162277698516846;16.00241654736175;-9999;1542829415.970632;-25.59632873535156;-5.282066345214844;-22.32443237304688;5.017374992370605;11.7062406539917;15;80844.880752875;-0.009063720703125;-0.713714599609375;-0.6478118896484375;80844.87977687501;-1.686814276523108;-0.6211090873310051;0.3636477226314858;80844.875991875;126.4483337402344;122.3021087646484;-481.0376281738281;80844.71141087501;-1.6373306025051;-0.6403319985923857;1.12900948019044;0.03557610511779785;0.4805332124233246;0.409882128238678;-0.06033259630203247;-0.05447626113891602;-0.08826637268066406;2;-0.1527680456638336;0.5524799823760986;0.7006247043609619;-0.4249150454998016;-0.2554479837417603;-0.9039891362190247;-0.3428555727005005;-21.16527557373047;-5.802452087402344;-27.23922729492188;2;80842.92992775001;1;2;1542829411.90154;80842.435642;0;1.371338;90.53313;0;179348320;1;1;0.48;-120;-120;4
1542829420.975726;951;0;0;1542829415.165541;4.404439238158794;-75.14453478806318;964.7518;14.45019;200.6135705655684;3.162277698516846;16.00241654736175;-9999;1542829416.129391;-25.70032501220703;-5.998428344726562;-21.65847778320312;5.67401123046875;12.36287689208984;15;80844.890792875;-0.0753631591796875;-0.76934814453125;-0.6346893310546875;80844.889816875;-1.505274308179568;-1.01536771616408;0.6206811173438294;80844.875991875;126.4483337402344;122.3021087646484;-481.0376281738281;80844.71141087501;-1.6373306025051;-0.6403319985923857;1.12900948019044;0.03557610511779785;0.4805332124233246;0.409882128238678;-0.06033259630203247;-0.05447626113891602;-0.08826637268066406;2;-0.1527680456638336;0.5524799823760986;0.7006247043609619;-0.4249150454998016;-0.2554479837417603;-0.9039891362190247;-0.3428555727005005;-21.16527557373047;-5.802452087402344;-27.23922729492188;2;80842.92992775001;1;2;1542829411.90154;80842.435642;0;1.371338;90.53313;0;179348320;1;1;0.48;-120;-120;4
1542829420.988581;952;0;0;1542829415.165541;4.404439238158794;-75.14453478806318;964.7518;14.45019;200.6135705655684;3.162277698516846;16.00241654736175;-9999;1542829416.129391;-25.70032501220703;-5.998428344726562;-21.65847778320312;5.67401123046875;12.36287689208984;15;80844.90080287501;-0.0870208740234375;-0.787078857421875;-0.628204345703125;80844.899826875;-1.540081290994686;-1.84354982878976;0.828710750102061;80844.895431875;125.6980895996094;123.3458404541016;-480.4972229003906;80844.71141087501;-1.6373306025051;-0.6403319985923857;1.12900948019044;0.03557610511779785;0.4805332124233246;0.409882128238678;-0.06033259630203247;-0.05447626113891602;-0.08826637268066406;2;-0.1527680456638336;0.5524799823760986;0.7006247043609619;-0.4249150454998016;-0.2554479837417603;-0.9039891362190247;-0.3428555727005005;-21.16527557373047;-5.802452087402344;-27.23922729492188;2;80842.92992775001;1;2;1542829411.90154;80842.435642;0;1.371338;90.53313;0;179348320;1;1;0.48;-120;-120;4
1542829421.000474;953;0;0;1542829415.165541;4.404439238158794;-75.14453478806318;964.7518;14.45019;200.6135705655684;3.162277698516846;16.00241654736175;-9999;1542829416.150853;-26.31135559082031;-6.291282653808594;-21.05645751953125;6.229232788085938;12.91809844970703;15;80844.91081287501;-0.2236785888671875;-0.85589599609375;-0.606353759765625;80844.90983587501;-1.917875459020563;-2.16827491945752;0.7934425077861417;80844.895431875;125.6980895996094;123.3458404541016;-480.4972229003906;80844.71141087501;-1.6373306025051;-0.6403319985923857;1.12900948019044;0.03557610511779785;0.4805332124233246;0.409882128238678;-0.06033259630203247;-0.05447626113891602;-0.08826637268066406;2;-0.1527680456638336;0.5524799823760986;0.7006247043609619;-0.4249150454998016;-0.2554479837417603;-0.9039891362190247;-0.3428555727005005;-21.16527557373047;-5.802452087402344;-27.23922729492188;2;80842.92992775001;1;2;1542829411.90154;80842.435642;0;1.371338;90.53313;0;179348320;1;1;0.48;-120;-120;4
1542829421.438062;954;0;0;1542829416.16646;4.4043067084928;-75.14458204156604;964.7518;14.60836;201.1785501533335;3.162277698516846;16.00241654736175;-9999;1542829416.371274;-27.56250762939453;-2.988594055175781;-21.92019653320312;7.780728340148926;14.46959400177002;15;80844.92082287501;-0.24609375;-0.871490478515625;-0.4437408447265625;80844.919845875;-2.239189839280259;-1.797175139463774;0.432454750451427;80844.914901875;123.8974304199219;125.3560791015625;-479.791015625;80844.71141087501;-1.6373306025051;-0.6403319985923857;1.12900948019044;0.03557610511779785;0.4805332124233246;0.409882128238678;-0.06033259630203247;-0.05447626113891602;-0.08826637268066406;2;-0.1527680456638336;0.5524799823760986;0.7006247043609619;-0.4249150454998016;-0.2554479837417603;-0.9039891362190247;-0.3428555727005005;-21.16527557373047;-5.802452087402344;-27.23922729492188;2;80842.92992775001;1;2;1542829411.90154;80842.435642;0;1.371338;90.53313;0;179348320;1;1;0.48;-120;-120;4
1542829421.622378;955;0;0;1542829416.16646;4.4043067084928;-75.14458204156604;964.7518;14.60836;201.1785501533335;3.162277698516846;16.00241654736175;-9999;1542829416.501469;-28.71573638916016;-0.4863128662109375;-21.70950317382812;10.15189170837402;16.84075736999512;15;80844.930862875;-0.216400146484375;-0.930999755859375;-0.36328125;80844.92988587501;-2.420866694103829;-1.175711052759461;0.113667976382326;80844.93434187501;123.1469573974609;126.9247741699219;-479.1695861816406;80844.71141087501;-1.6373306025051;-0.6403319985923857;1.12900948019044;0.03557610511779785;0.4805332124233246;0.409882128238678;-0.06033259630203247;-0.05447626113891602;-0.08826637268066406;2;-0.1527680456638336;0.5524799823760986;0.7006247043609619;-0.4249150454998016;-0.2554479837417603;-0.9039891362190247;-0.3428555727005005;-21.16527557373047;-5.802452087402344;-27.23922729492188;2;80842.92992775001;1;2;1542829411.90154;80842.435642;0;1.371338;90.53313;0;179348320;1;1;0.48;-120;-120;4
1542829421.707144;956;0;0;1542829416.16646;4.4043067084928;-75.14458204156604;964.7518;14.60836;201.1785501533335;3.162277698516846;16.00241654736175;-9999;1542829416.571556;-28.93865966796875;1.415908813476562;-21.716552734375;11.95245742797852;18.64132308959961;15;80844.940872875;-0.2150115966796875;-0.9919891357421875;-0.383392333984375;80844.93989587501;-2.347858795980397;-0.06735320818086699;-0.1210582484072959;80844.93434187501;123.1469573974609;126.9247741699219;-479.1695861816406;80844.71141087501;-1.6373306025051;-0.6403319985923857;1.12900948019044;0.03557610511779785;0.4805332124233246;0.409882128238678;-0.06033259630203247;-0.05447626113891602;-0.08826637268066406;2;-0.1527680456638336;0.5524799823760986;0.7006247043609619;-0.4249150454998016;-0.2554479837417603;-0.9039891362190247;-0.3428555727005005;-21.16527557373047;-5.802452087402344;-27.23922729492188;2;80842.92992775001;1;2;1542829411.90154;80842.435642;0;1.371338;90.53313;0;179348320;1;1;0.48;-120;-120;4
1542829421.883779;957;0;0;1542829416.16646;4.4043067084928;-75.14458204156604;964.7518;14.60836;201.1785501533335;3.162277698516846;16.00241654736175;-9999;1542829416.722008;-29.02722930908203;1.273796081542969;-21.3193359375;12.08331298828125;18.77217864990234;15;80844.95088287501;-0.266876220703125;-0.91888427734375;-0.4827880859375;80844.94990587501;-1.885528171788243;0.3214368856698389;-0.297108642795856;80844.95378187501;122.7714080810547;127.8218688964844;-479.382568359375;80844.71141087501;-1.6373306025051;-0.6403319985923857;1.12900948019044;0.03557610511779785;0.4805332124233246;0.409882128238678;-0.06033259630203247;-0.05447626113891602;-0.08826637268066406;2;-0.1527680456638336;0.5524799823760986;0.7006247043609619;-0.4249150454998016;-0.2554479837417603;-0.9039891362190247;-0.3428555727005005;-21.16527557373047;-5.802452087402344;-27.23922729492188;2;80842.92992775001;1;2;1542829411.90154;80842.435642;0;1.371338;90.53313;0;179348320;1;1;0.48;-120;-120;4
1542829421.894854;958;0;0;1542829416.16646;4.4043067084928;-75.14458204156604;964.7518;14.60836;201.1785501533335;3.162277698516846;16.00241654736175;-9999;1542829416.751949;-28.68998718261719;1.39642333984375;-21.303466796875;11.76235580444336;18.45122146606445;15;80844.96092287501;-0.23516845703125;-0.7977142333984375;-0.7572174072265625;80844.959945875;-0.9632991884275045;-0.4459740214091052;-0.1694681254383203;80844.95378187501;122.7714080810547;127.8218688964844;-479.382568359375;80844.71141087501;-1.6373306025051;-0.6403319985923857;1.12900948019044;0.03557610511779785;0.4805332124233246;0.409882128238678;-0.06033259630203247;-0.05447626113891602;-0.08826637268066406;2;-0.1527680456638336;0.5524799823760986;0.7006247043609619;-0.4249150454998016;-0.2554479837417603;-0.9039891362190247;-0.3428555727005005;-21.16527557373047;-5.802452087402344;-27.23922729492188;2;80842.92992775001;1;2;1542829411.90154;80842.435642;0;1.371338;90.53313;0;179348320;1;1;0.48;-120;-120;4
1542829422.002627;959;0;0;1542829416.16646;4.4043067084928;-75.14458204156604;964.7518;14.60836;201.1785501533335;3.162277698516846;16.00241654736175;-9999;1542829416.852185;-28.36588287353516;0.5823745727539062;-21.36614990234375;10.97484016418457;17.66370582580566;15;80844.970932875;-0.2490081787109375;-0.69964599609375;-0.845245361328125;80844.969955875;-0.09390199477175791;-0.6818198391209965;0.02420174272220409;80844.97322087501;122.5466613769531;127.8198089599609;-478.8565979003906;80844.71141087501;-1.6373306025051;-0.6403319985923857;1.12900948019044;0.03557610511779785;0.4805332124233246;0.409882128238678;-0.06033259630203247;-0.05447626113891602;-0.08826637268066406;2;-0.1527680456638336;0.5524799823760986;0.7006247043609619;-0.4249150454998016;-0.2554479837417603;-0.9039891362190247;-0.3428555727005005;-21.16527557373047;-5.802452087402344;-27.23922729492188;2;80842.92992775001;1;2;1542829411.90154;80842.435642;0;1.371338;90.53313;0;179348320;1;1;0.48;-120;-120;4
1542829422.370197;960;0;0;1542829416.16646;4.4043067084928;-75.14458204156604;964.7518;14.60836;201.1785501533335;3.162277698516846;16.00241654736175;-9999;1542829416.922352;-28.23680114746094;0.2821197509765625;-21.390869140625;10.73415756225586;17.42302322387695;15;80844.98094187501;-0.2400360107421875;-0.6587982177734375;-0.724517822265625;80844.979965875;0.7977451108432737;-0.9877440777572328;-0.02740446024913338;80844.97322087501;122.5466613769531;127.8198089599609;-478.8565979003906;80844.71141087501;-1.6373306025051;-0.6403319985923857;1.12900948019044;0.03557610511779785;0.4805332124233246;0.409882128238678;-0.06033259630203247;-0.05447626113891602;-0.08826637268066406;2;-0.1527680456638336;0.5524799823760986;0.7006247043609619;-0.4249150454998016;-0.2554479837417603;-0.9039891362190247;-0.3428555727005005;-21.16527557373047;-5.802452087402344;-27.23922729492188;2;80842.92992775001;1;2;1542829411.90154;80842.435642;0;1.371338;90.53313;0;179348320;1;1;0.48;-120;-120;4
1542829422.56658;961;0;0;1542829417.161077;4.404173061279574;-75.14463049448274;964.7518;15.25937;201.1918826825934;3.162277698516846;16.00241654736175;-9999;1542829417.182646;-28.85166168212891;0.7469711303710938;-21.37533569335938;11.45703887939453;18.14590454101562;15;80844.99095187501;-0.1529388427734375;-0.5659332275390625;-0.7453460693359375;80844.98997587501;1.618951871941818;-1.306286906270482;-0.1833676957996618;80844.992691875;122.097412109375;126.9159240722656;-478.2649536132812;80844.71141087501;-1.6373306025051;-0.6403319985923857;1.12900948019044;0.03557610511779785;0.4805332124233246;0.409882128238678;-0.06033259630203247;-0.05447626113891602;-0.08826637268066406;2;-0.1527680456638336;0.5524799823760986;0.7006247043609619;-0.4249150454998016;-0.2554479837417603;-0.9039891362190247;-0.3428555727005005;-21.16527557373047;-5.802452087402344;-27.23922729492188;2;80842.92992775001;1;2;1542829411.90154;80842.435642;0;1.371338;90.53313;0;179348320;1;1;0.48;-120;-120;4
1542829422.670408;962;0;0;1542829417.161077;4.404173061279574;-75.14463049448274;964.7518;15.25937;201.1918826825934;3.162277698516846;16.00241654736175;-9999;1542829417.250872;-29.16481018066406;0.7530975341796875;-21.18521118164062;11.63687896728516;18.32574462890625;15;80845.000991875;-0.16259765625;-0.501556396484375;-0.7013702392578125;80845.000015875;2.061537287179907;-1.471494772913003;-0.2125303750004655;80844.992691875;122.097412109375;126.9159240722656;-478.2649536132812;80844.71141087501;-1.6373306025051;-0.6403319985923857;1.12900948019044;0.03557610511779785;0.4805332124233246;0.409882128238678;-0.06033259630203247;-0.05447626113891602;-0.08826637268066406;2;-0.1527680456638336;0.5524799823760986;0.7006247043609619;-0.4249150454998016;-0.2554479837417603;-0.9039891362190247;-0.3428555727005005;-21.16527557373047;-5.802452087402344;-27.23922729492188;2;80842.92992775001;1;2;1542829411.90154;80842.435642;0;1.371338;90.53313;0;179348320;1;1;0.48;-120;-120;4
1542829422.964936;963;0;0;1542829417.161077;4.404173061279574;-75.14463049448274;964.7518;15.25937;201.1918826825934;3.162277698516846;16.00241654736175;-9999;1542829417.250872;-29.16481018066406;0.7530975341796875;-21.18521118164062;11.63687896728516;18.32574462890625;15;80845.011001875;-0.206085205078125;-0.4928741455078125;-0.6544036865234375;80845.010025875;1.816339246667984;-1.239566198848509;-0.1671964490284827;80845.01213087501;121.5731658935547;125.8614959716797;-477.8247375488281;80844.71141087501;-1.6373306025051;-0.6403319985923857;1.12900948019044;0.03557610511779785;0.4805332124233246;0.409882128238678;-0.06033259630203247;-0.05447626113891602;-0.08826637268066406;2;-0.1527680456638336;0.5524799823760986;0.7006247043609619;-0.4249150454998016;-0.2554479837417603;-0.9039891362190247;-0.3428555727005005;-21.16527557373047;-5.802452087402344;-27.23922729492188;2;80842.92992775001;1;2;1542829411.90154;80842.435642;0;1.371338;90.53313;0;179348320;1;1;0.48;-120;-120;4
1542829423.310115;964;0;0;1542829417.161077;4.404173061279574;-75.14463049448274;964.7518;15.25937;201.1918826825934;3.162277698516846;16.00241654736175;-9999;1542829417.272965;-29.04666137695312;0.5640716552734375;-21.26828002929688;11.57513046264648;18.26399612426758;15;80845.02101187501;-0.209320068359375;-0.4760589599609375;-0.47705078125;80845.02003487501;1.093471839349488;-0.6935574553094117;-0.1170778878420635;80845.01213087501;121.5731658935547;125.8614959716797;-477.8247375488281;80844.71141087501;-1.6373306025051;-0.6403319985923857;1.12900948019044;0.03557610511779785;0.4805332124233246;0.409882128238678;-0.06033259630203247;-0.05447626113891602;-0.08826637268066406;2;-0.1527680456638336;0.5524799823760986;0.7006247043609619;-0.4249150454998016;-0.2554479837417603;-0.9039891362190247;-0.3428555727005005;-21.16527557373047;-5.802452087402344;-27.23922729492188;2;80842.92992775001;1;2;1542829411.90154;80842.435642;0;1.371338;90.53313;0;179348320;1;1;0.48;-120;-120;4
1542829423.487596;965;0;0;1542829417.161077;4.404173061279574;-75.14463049448274;964.7518;15.25937;201.1918826825934;3.162277698516846;16.00241654736175;-9999;1542829417.4032;-28.92325592041016;0.5495071411132812;-21.21124267578125;11.44457054138184;18.13343620300293;15;80845.031051875;-0.225921630859375;-0.6007537841796875;-0.3492279052734375;80845.02003487501;1.093471839349488;-0.6935574553094117;-0.1170778878420635;80845.031570875;121.6486053466797;125.1120300292969;-477.6836853027344;80844.71141087501;-1.6373306025051;-0.6403319985923857;1.12900948019044;0.03557610511779785;0.4805332124233246;0.409882128238678;-0.06033259630203247;-0.05447626113891602;-0.08826637268066406;2;-0.1527680456638336;0.5524799823760986;0.7006247043609619;-0.4249150454998016;-0.2554479837417603;-0.9039891362190247;-0.3428555727005005;-21.16527557373047;-5.802452087402344;-27.23922729492188;2;80842.92992775001;1;2;1542829411.90154;80842.435642;0;1.371338;90.53313;0;179348320;1;1;0.48;-120;-120;4
1542829423.716425;966;0;0;1542829417.161077;4.404173061279574;-75.14463049448274;964.7518;15.25937;201.1918826825934;3.162277698516846;16.00241654736175;-9999;1542829417.603526;-29.01473236083984;1.164138793945312;-21.54803466796875;11.57578659057617;18.26465225219727;15;80845.041061875;-0.1385345458984375;-0.775299072265625;-0.264495849609375;80845.040084875;-0.3269448354363407;0.6543168419115302;-0.2640391062759061;80845.031570875;121.6486053466797;125.1120300292969;-477.6836853027344;80844.71141087501;-1.6373306025051;-0.6403319985923857;1.12900948019044;0.03557610511779785;0.4805332124233246;0.409882128238678;-0.06033259630203247;-0.05447626113891602;-0.08826637268066406;2;-0.1527680456638336;0.5524799823760986;0.7006247043609619;-0.4249150454998016;-0.2554479837417603;-0.9039891362190247;-0.3428555727005005;-21.16527557373047;-5.802452087402344;-27.23922729492188;2;80842.92992775001;1;2;1542829411.90154;80842.435642;0;1.371338;90.53313;0;179348320;1;1;0.48;-120;-120;4
1542829424.346596;967;0;0;1542829417.161077;4.404173061279574;-75.14463049448274;964.7518;15.25937;201.1918826825934;3.162277698516846;16.00241654736175;-9999;1542829417.804583;-28.7178955078125;1.206558227539062;-21.81427001953125;11.65568542480469;18.34455108642578;15;80845.051071875;-0.0811004638671875;-0.7195587158203125;-0.3396759033203125;80845.050094875;-0.7248075201726195;0.6982848325604114;-0.1983778043355664;80845.051040875;121.7232971191406;125.4877471923828;-477.9047241210938;80844.71141087501;-1.6373306025051;-0.6403319985923857;1.12900948019044;0.03557610511779785;0.4805332124233246;0.409882128238678;-0.06033259630203247;-0.05447626113891602;-0.08826637268066406;2;-0.1527680456638336;0.5524799823760986;0.7006247043609619;-0.4249150454998016;-0.2554479837417603;-0.9039891362190247;-0.3428555727005005;-21.16527557373047;-5.802452087402344;-27.23922729492188;2;80845.80854791668;1;2;1542829414.78016;80842.435642;0;1.371338;90.53313;0;179348320;1;1;0.48;-120;-120;4
1542829424.438335;968;0;0;1542829417.161077;4.404173061279574;-75.14463049448274;964.7518;15.25937;201.1918826825934;3.162277698516846;16.00241654736175;-9999;1542829417.854767;-28.97055816650391;1.271072387695312;-21.58554077148438;11.5410041809082;18.2298698425293;15;80845.06108087501;-0.09564208984375;-0.684783935546875;-0.51556396484375;80845.06010487501;-0.7251364205672443;0.2516325040216629;0.09832870113568762;80845.051040875;121.7232971191406;125.4877471923828;-477.9047241210938;80844.71141087501;-1.6373306025051;-0.6403319985923857;1.12900948019044;0.03557610511779785;0.4805332124233246;0.409882128238678;-0.06033259630203247;-0.05447626113891602;-0.08826637268066406;2;-0.1527680456638336;0.5524799823760986;0.7006247043609619;-0.4249150454998016;-0.2554479837417603;-0.9039891362190247;-0.3428555727005005;-21.16527557373047;-5.802452087402344;-27.23922729492188;2;80845.80854791668;1;2;1542829414.78016;80842.435642;0;1.371338;90.53313;0;179348320;1;1;0.48;-120;-120;4
1542829424.63156;969;0;0;1542829417.161077;4.404173061279574;-75.14463049448274;964.7518;15.25937;201.1918826825934;3.162277698516846;16.00241654736175;-9999;1542829417.974236;-28.41530609130859;1.397789001464844;-21.79510498046875;11.14840698242188;17.83727264404297;15;80845.07112187501;-0.173065185546875;-0.75848388671875;-0.6369476318359375;80845.070144875;-0.459676251533672;0.248979995575944;0.1923356244543946;80845.070480875;121.9479675292969;125.9396514892578;-478.1255493164062;80844.71141087501;-1.6373306025051;-0.6403319985923857;1.12900948019044;0.03557610511779785;0.4805332124233246;0.409882128238678;-0.06033259630203247;-0.05447626113891602;-0.08826637268066406;2;-0.1527680456638336;0.5524799823760986;0.7006247043609619;-0.4249150454998016;-0.2554479837417603;-0.9039891362190247;-0.3428555727005005;-21.16527557373047;-5.802452087402344;-27.23922729492188;2;80845.80854791668;1;2;1542829414.78016;80842.435642;0;1.371338;90.53313;0;179348320;1;1;0.48;-120;-120;4
1542829424.752153;970;0;0;1542829417.161077;4.404173061279574;-75.14463049448274;964.7518;15.25937;201.1918826825934;3.162277698516846;16.00241654736175;-9999;1542829418.036249;-28.57539367675781;1.372970581054688;-21.89559936523438;11.00222206115723;17.69108772277832;15;80845.08113187501;-0.3462371826171875;-0.87274169921875;-0.668975830078125;80845.080154875;0.002062884580375378;0.09652654002603099;0.066210978389332;80845.070480875;121.9479675292969;125.9396514892578;-478.1255493164062;80844.71141087501;-1.6373306025051;-0.6403319985923857;1.12900948019044;0.03557610511779785;0.4805332124233246;0.409882128238678;-0.06033259630203247;-0.05447626113891602;-0.08826637268066406;2;-0.1527680456638336;0.5524799823760986;0.7006247043609619;-0.4249150454998016;-0.2554479837417603;-0.9039891362190247;-0.3428555727005005;-21.16527557373047;-5.802452087402344;-27.23922729492188;2;80845.80854791668;1;2;1542829414.78016;80842.435642;0;1.371338;90.53313;0;179348320;1;1;0.48;-120;-120;4
1542829424.954512;971;0;0;1542829417.161077;4.404173061279574;-75.14463049448274;964.7518;15.25937;201.1918826825934;3.162277698516846;16.00241654736175;-9999;1542829418.165151;-28.25038909912109;1.02178955078125;-21.77761840820312;10.53972625732422;17.22859191894531;15;80845.09114087501;-0.391937255859375;-0.9057159423828125;-0.6938629150390625;80845.090164875;0.2731939888391625;-0.2126544783072632;0.04485935066573072;80845.08992087501;121.6481628417969;125.8620910644531;-477.8250732421875;80844.71141087501;-1.6373306025051;-0.6403319985923857;1.12900948019044;0.03557610511779785;0.4805332124233246;0.409882128238678;-0.06033259630203247;-0.05447626113891602;-0.08826637268066406;2;-0.1527680456638336;0.5524799823760986;0.7006247043609619;-0.4249150454998016;-0.2554479837417603;-0.9039891362190247;-0.3428555727005005;-21.16527557373047;-5.802452087402344;-27.23922729492188;2;80845.80854791668;1;2;1542829414.78016;80842.435642;0;1.371338;90.53313;0;179348320;1;1;0.48;-120;-120;4
1542829425.235943;972;0;0;1542829418.156721;4.404039709451738;-75.1446740214508;964.7518;15.24721;199.4401577265385;3.162277698516846;16.00241654736175;-9999;1542829418.420402;-28.35823822021484;0.90423583984375;-21.68695068359375;10.49370384216309;17.18256950378418;15;80845.10118187501;-0.366546630859375;-0.8639373779296875;-0.669708251953125;80845.10020487501;0.4570836642124798;-0.4747870275587815;0.03825950485229635;80845.08992087501;121.6481628417969;125.8620910644531;-477.8250732421875;80844.71141087501;-1.6373306025051;-0.6403319985923857;1.12900948019044;0.03557610511779785;0.4805332124233246;0.409882128238678;-0.06033259630203247;-0.05447626113891602;-0.08826637268066406;2;-0.1527680456638336;0.5524799823760986;0.7006247043609619;-0.4249150454998016;-0.2554479837417603;-0.9039891362190247;-0.3428555727005005;-21.16527557373047;-5.802452087402344;-27.23922729492188;2;80845.80854791668;1;2;1542829414.78016;80842.435642;0;1.371338;90.53313;0;179348320;1;1;0.48;-120;-120;4
1542829425.420243;973;0;0;1542829418.156721;4.404039709451738;-75.1446740214508;964.7518;15.24721;199.4401577265385;3.162277698516846;16.00241654736175;-9999;1542829418.420402;-28.35823822021484;0.90423583984375;-21.68695068359375;10.49370384216309;17.18256950378418;15;80845.111190875;-0.30096435546875;-0.8153228759765625;-0.6149749755859375;80845.11021487501;0.5226994260981791;-0.6623422778564839;0.07637200321242033;80845.109359875;121.3483123779297;125.7096405029297;-477.6754760742188;80844.71141087501;-1.6373306025051;-0.6403319985923857;1.12900948019044;0.03557610511779785;0.4805332124233246;0.409882128238678;-0.06033259630203247;-0.05447626113891602;-0.08826637268066406;2;-0.1527680456638336;0.5524799823760986;0.7006247043609619;-0.4249150454998016;-0.2554479837417603;-0.9039891362190247;-0.3428555727005005;-21.16527557373047;-5.802452087402344;-27.23922729492188;2;80845.80854791668;1;2;1542829414.78016;80842.435642;0;1.371338;90.53313;0;179348320;1;1;0.48;-120;-120;4
1542829425.501196;974;0;0;1542829418.156721;4.404039709451738;-75.1446740214508;964.7518;15.24721;199.4401577265385;3.162277698516846;16.00241654736175;-9999;1542829418.420402;-28.35823822021484;0.90423583984375;-21.68695068359375;10.49370384216309;17.18256950378418;15;80845.121200875;-0.2558441162109375;-0.8326873779296875;-0.5872650146484375;80845.12022487501;0.5215249720574542;-0.541349543212004;0.05411277018932004;80845.109359875;121.3483123779297;125.7096405029297;-477.6754760742188;80844.71141087501;-1.6373306025051;-0.6403319985923857;1.12900948019044;0.03557610511779785;0.4805332124233246;0.409882128238678;-0.06033259630203247;-0.05447626113891602;-0.08826637268066406;2;-0.1527680456638336;0.5524799823760986;0.7006247043609619;-0.4249150454998016;-0.2554479837417603;-0.9039891362190247;-0.3428555727005005;-21.16527557373047;-5.802452087402344;-27.23922729492188;2;80845.80854791668;1;2;1542829414.78016;80842.435642;0;1.371338;90.53313;0;179348320;1;1;0.48;-120;-120;4
1542829425.684033;975;0;0;1542829418.156721;4.404039709451738;-75.1446740214508;964.7518;15.24721;199.4401577265385;3.162277698516846;16.00241654736175;-9999;1542829418.555507;-28.16785430908203;0.4076004028320312;-21.87918090820312;9.749439239501953;16.43830490112305;15;80845.131210875;-0.2939300537109375;-0.78521728515625;-0.5220947265625;80845.13023387501;0.398106097659912;-0.414373484546443;-0.1026478157915781;80845.12883087501;121.1985778808594;125.4083251953125;-477.4532470703125;80844.71141087501;-1.6373306025051;-0.6403319985923857;1.12900948019044;0.03557610511779785;0.4805332124233246;0.409882128238678;-0.06033259630203247;-0.05447626113891602;-0.08826637268066406;2;-0.1527680456638336;0.5524799823760986;0.7006247043609619;-0.4249150454998016;-0.2554479837417603;-0.9039891362190247;-0.3428555727005005;-21.16527557373047;-5.802452087402344;-27.23922729492188;2;80845.80854791668;1;2;1542829414.78016;80842.435642;0;1.371338;90.53313;0;179348320;1;1;0.48;-120;-120;4
1542829425.774354;976;0;0;1542829418.156721;4.404039709451738;-75.1446740214508;964.7518;15.24721;199.4401577265385;3.162277698516846;16.00241654736175;-9999;1542829418.655864;-28.05209350585938;0.7147064208984375;-21.83499145507812;9.728277206420898;16.41714286804199;15;80845.14125087501;-0.307891845703125;-0.76568603515625;-0.5058746337890625;80845.14027487501;0.1623867800997996;-0.3343068779537558;-0.2469053930867723;80845.12883087501;121.1985778808594;125.4083251953125;-477.4532470703125;80844.71141087501;-1.6373306025051;-0.6403319985923857;1.12900948019044;0.03557610511779785;0.4805332124233246;0.409882128238678;-0.06033259630203247;-0.05447626113891602;-0.08826637268066406;2;-0.1527680456638336;0.5524799823760986;0.7006247043609619;-0.4249150454998016;-0.2554479837417603;-0.9039891362190247;-0.3428555727005005;-21.16527557373047;-5.802452087402344;-27.23922729492188;2;80845.80854791668;1;2;1542829414.78016;80842.435642;0;1.371338;90.53313;0;179348320;1;1;0.48;-120;-120;4
1542829425.81534;977;0;0;1542829418.156721;4.404039709451738;-75.1446740214508;964.7518;15.24721;199.4401577265385;3.162277698516846;16.00241654736175;-9999;1542829418.722655;-28.16598510742188;0.7735595703125;-21.88510131835938;9.689151763916016;16.37801742553711;15;80845.15126087501;-0.300506591796875;-0.782012939453125;-0.507049560546875;80845.150283875;-0.03253956746302417;-0.2296755397822866;-0.2986745815168226;80845.148269875;121.7238311767578;125.1124114990234;-477.2340393066406;80844.71141087501;-1.6373306025051;-0.6403319985923857;1.12900948019044;0.03557610511779785;0.4805332124233246;0.409882128238678;-0.06033259630203247;-0.05447626113891602;-0.08826637268066406;2;-0.1527680456638336;0.5524799823760986;0.7006247043609619;-0.4249150454998016;-0.2554479837417603;-0.9039891362190247;-0.3428555727005005;-21.16527557373047;-5.802452087402344;-27.23922729492188;2;80845.80854791668;1;2;1542829414.78016;80842.435642;0;1.371338;90.53313;0;179348320;1;1;0.48;-120;-120;4
1542829425.920314;978;0;0;1542829418.156721;4.404039709451738;-75.1446740214508;964.7518;15.24721;199.4401577265385;3.162277698516846;16.00241654736175;-9999;1542829418.755836;-28.46681213378906;0.7617034912109375;-21.89495849609375;9.734687805175781;16.42355346679688;15;80845.161270875;-0.29974365234375;-0.8009490966796875;-0.49371337890625;80845.160293875;-0.1377522737004576;-0.1251070522125434;-0.26316292627727;80845.148269875;121.7238311767578;125.1124114990234;-477.2340393066406;80844.71141087501;-1.6373306025051;-0.6403319985923857;1.12900948019044;0.03557610511779785;0.4805332124233246;0.409882128238678;-0.06033259630203247;-0.05447626113891602;-0.08826637268066406;2;-0.1527680456638336;0.5524799823760986;0.7006247043609619;-0.4249150454998016;-0.2554479837417603;-0.9039891362190247;-0.3428555727005005;-21.16527557373047;-5.802452087402344;-27.23922729492188;2;80845.80854791668;1;2;1542829414.78016;80842.435642;0;1.371338;90.53313;0;179348320;1;1;0.48;-120;-120;4
1542829426.31369;979;0;0;1542829418.156721;4.404039709451738;-75.1446740214508;964.7518;15.24721;199.4401577265385;3.162277698516846;16.00241654736175;-9999;1542829418.925932;-28.29515838623047;0.5292434692382812;-21.7650146484375;9.82261848449707;16.51148414611816;15;80845.17131087501;-0.2841949462890625;-0.8068389892578125;-0.4974822998046875;80845.17033387501;-0.1699482933828615;-0.05734078774660509;-0.1985951182805169;80845.167739875;121.4235382080078;125.335205078125;-477.6051330566406;80844.71141087501;-1.6373306025051;-0.6403319985923857;1.12900948019044;0.03557610511779785;0.4805332124233246;0.409882128238678;-0.06033259630203247;-0.05447626113891602;-0.08826637268066406;2;-0.1527680456638336;0.5524799823760986;0.7006247043609619;-0.4249150454998016;-0.2554479837417603;-0.9039891362190247;-0.3428555727005005;-21.16527557373047;-5.802452087402344;-27.23922729492188;2;80845.80854791668;1;2;1542829414.78016;80842.435642;0;1.371338;90.53313;0;179348320;1;1;0.48;-120;-120;4
1542829426.407881;980;0;0;1542829418.156721;4.404039709451738;-75.1446740214508;964.7518;15.24721;199.4401577265385;3.162277698516846;16.00241654736175;-9999;1542829418.978019;-28.44008636474609;0.4550247192382812;-21.702392578125;9.678075790405273;16.36694145202637;15;80845.18132087501;-0.27252197265625;-0.7908935546875;-0.5028076171875;80845.18034387501;-0.1545490970116964;-0.03995727004722187;-0.1288272219392751;80845.167739875;121.4235382080078;125.335205078125;-477.6051330566406;80844.71141087501;-1.6373306025051;-0.6403319985923857;1.12900948019044;0.03557610511779785;0.4805332124233246;0.409882128238678;-0.06033259630203247;-0.05447626113891602;-0.08826637268066406;2;-0.1527680456638336;0.5524799823760986;0.7006247043609619;-0.4249150454998016;-0.2554479837417603;-0.9039891362190247;-0.3428555727005005;-21.16527557373047;-5.802452087402344;-27.23922729492188;2;80845.80854791668;1;2;1542829414.78016;80842.435642;0;1.371338;90.53313;0;179348320;1;1;0.48;-120;-120;4
1542829426.594103;981;0;0;1542829418.156721;4.404039709451738;-75.1446740214508;964.7518;15.24721;199.4401577265385;3.162277698516846;16.00241654736175;-9999;1542829419.127484;-28.27157592773438;0.1605758666992188;-21.6375732421875;9.60382080078125;16.29268646240234;15;80845.19133087501;-0.26544189453125;-0.774169921875;-0.497802734375;80845.190353875;-0.1093256922249518;-0.02796026196863291;-0.06101355320593337;80845.18717987501;121.3488616943359;125.109375;-477.1573791503906;80844.71141087501;-1.6373306025051;-0.6403319985923857;1.12900948019044;0.03557610511779785;0.4805332124233246;0.409882128238678;-0.06033259630203247;-0.05447626113891602;-0.08826637268066406;2;-0.1527680456638336;0.5524799823760986;0.7006247043609619;-0.4249150454998016;-0.2554479837417603;-0.9039891362190247;-0.3428555727005005;-21.16527557373047;-5.802452087402344;-27.23922729492188;2;80845.80854791668;1;2;1542829414.78016;80842.435642;0;1.371338;90.53313;0;179348320;1;1;0.48;-120;-120;4
1542829426.702944;982;0;0;1542829419.157827;4.403908975618376;-75.14471259207259;964.7518;15.25937;199.104399287319;3.162277698516846;24.00362482104263;-9999;1542829419.127484;-28.27157592773438;0.1605758666992188;-21.6375732421875;9.60382080078125;16.29268646240234;15;80845.201370875;-0.25860595703125;-0.7585906982421875;-0.502227783203125;80845.200393875;-0.04583486657302675;-0.01690068659375185;-0.009093097225966551;80845.18717987501;121.3488616943359;125.109375;-477.1573791503906;80844.71141087501;-1.6373306025051;-0.6403319985923857;1.12900948019044;0.03557610511779785;0.4805332124233246;0.409882128238678;-0.06033259630203247;-0.05447626113891602;-0.08826637268066406;2;-0.1527680456638336;0.5524799823760986;0.7006247043609619;-0.4249150454998016;-0.2554479837417603;-0.9039891362190247;-0.3428555727005005;-21.16527557373047;-5.802452087402344;-27.23922729492188;2;80845.80854791668;1;2;1542829414.78016;80842.435642;0;1.371338;90.53313;0;179348320;1;1;0.48;-120;-120;4
1542829426.877728;983;0;0;1542829419.157827;4.403908975618376;-75.14471259207259;964.7518;15.25937;199.104399287319;3.162277698516846;24.00362482104263;-9999;1542829419.256595;-28.47929382324219;0.383819580078125;-21.408203125;9.462825775146484;16.15169143676758;15;80845.211380875;-0.2640533447265625;-0.738616943359375;-0.4996185302734375;80845.21040387501;-0.01487481995252858;-0.005228584168152569;-0.007654457605105747;80845.20664987501;121.5737915039062;125.4860687255859;-476.9290466308594;80844.71141087501;-1.6373306025051;-0.6403319985923857;1.12900948019044;0.03557610511779785;0.4805332124233246;0.409882128238678;-0.06033259630203247;-0.05447626113891602;-0.08826637268066406;2;-0.1527680456638336;0.5524799823760986;0.7006247043609619;-0.4249150454998016;-0.2554479837417603;-0.9039891362190247;-0.3428555727005005;-21.16527557373047;-5.802452087402344;-27.23922729492188;2;80845.80854791668;1;2;1542829414.78016;80842.435642;0;1.371338;90.53313;0;179348320;1;1;0.48;-120;-120;4
1542829426.967656;984;0;0;1542829419.157827;4.403908975618376;-75.14471259207259;964.7518;15.25937;199.104399287319;3.162277698516846;24.00362482104263;-9999;1542829419.306653;-28.53880310058594;0.0834808349609375;-21.42068481445312;9.387710571289062;16.07657623291016;15;80845.22138987501;-0.2515411376953125;-0.7256317138671875;-0.51507568359375;80845.22041387501;-0.007277620310859535;0.02144324046510001;-0.005178250423550071;80845.20664987501;121.5737915039062;125.4860687255859;-476.9290466308594;80844.71141087501;-1.6373306025051;-0.6403319985923857;1.12900948019044;0.03557610511779785;0.4805332124233246;0.409882128238678;-0.06033259630203247;-0.05447626113891602;-0.08826637268066406;2;-0.1527680456638336;0.5524799823760986;0.7006247043609619;-0.4249150454998016;-0.2554479837417603;-0.9039891362190247;-0.3428555727005005;-21.16527557373047;-5.802452087402344;-27.23922729492188;2;80845.80854791668;1;2;1542829414.78016;80842.435642;0;1.371338;90.53313;0;179348320;1;1;0.48;-120;-120;4
1542829427.490811;985;0;0;1542829419.157827;4.403908975618376;-75.14471259207259;964.7518;15.25937;199.104399287319;3.162277698516846;24.00362482104263;-9999;1542829419.477095;-28.05694580078125;0.1701583862304688;-21.5941162109375;9.087615013122559;15.77648067474365;15;80845.231399875;-0.252227783203125;-0.732666015625;-0.544464111328125;80845.23042387501;0.01601278868631944;0.0137967723432645;0.005615541474541082;80845.22608987501;121.4238739013672;125.3348693847656;-476.9301147460938;80844.71141087501;-1.6373306025051;-0.6403319985923857;1.12900948019044;0.03557610511779785;0.4805332124233246;0.409882128238678;-0.06033259630203247;-0.05447626113891602;-0.08826637268066406;2;-0.1527680456638336;0.5524799823760986;0.7006247043609619;-0.4249150454998016;-0.2554479837417603;-0.9039891362190247;-0.3428555727005005;-21.16527557373047;-5.802452087402344;-27.23922729492188;2;80845.80854791668;1;2;1542829414.78016;80842.435642;0;1.371338;90.53313;0;179348320;1;1;0.48;-120;-120;4
1542829427.583557;986;0;0;1542829419.157827;4.403908975618376;-75.14471259207259;964.7518;15.25937;199.104399287319;3.162277698516846;24.00362482104263;-9999;1542829419.527068;-28.39274597167969;-0.07346343994140625;-21.61019897460938;9.041628837585449;15.73049449920654;15;80845.24143987501;-0.2601318359375;-0.7411956787109375;-0.5762481689453125;80845.240463875;0.01674808746329031;-0.03964008756139343;0.006133259990452486;80845.22608987501;121.4238739013672;125.3348693847656;-476.9301147460938;80844.71141087501;-1.6373306025051;-0.6403319985923857;1.12900948019044;0.03557610511779785;0.4805332124233246;0.409882128238678;-0.06033259630203247;-0.05447626113891602;-0.08826637268066406;2;-0.1527680456638336;0.5524799823760986;0.7006247043609619;-0.4249150454998016;-0.2554479837417603;-0.9039891362190247;-0.3428555727005005;-21.16527557373047;-5.802452087402344;-27.23922729492188;2;80845.80854791668;1;2;1542829414.78016;80842.435642;0;1.371338;90.53313;0;179348320;1;1;0.48;-120;-120;4
1542829427.777916;987;0;0;1542829419.157827;4.403908975618376;-75.14471259207259;964.7518;15.25937;199.104399287319;3.162277698516846;24.00362482104263;-9999;1542829419.627386;-27.97186279296875;0.02093505859375;-21.67657470703125;8.705081939697266;15.39394760131836;15;80845.25144987501;-0.2574615478515625;-0.7396087646484375;-0.5922393798828125;80845.250473875;0.01360049737092566;-0.0809822013754565;-0.02424541856408138;80845.245529875;121.2739868164062;125.1086578369141;-476.9320373535156;80844.71141087501;-1.6373306025051;-0.6403319985923857;1.12900948019044;0.03557610511779785;0.4805332124233246;0.409882128238678;-0.06033259630203247;-0.05447626113891602;-0.08826637268066406;2;-0.1527680456638336;0.5524799823760986;0.7006247043609619;-0.4249150454998016;-0.2554479837417603;-0.9039891362190247;-0.3428555727005005;-21.16527557373047;-5.802452087402344;-27.23922729492188;2;80845.80854791668;1;2;1542829414.78016;80842.435642;0;1.371338;90.53313;0;179348320;1;1;0.48;-120;-120;4
1542829427.964242;988;0;0;1542829419.157827;4.403908975618376;-75.14471259207259;964.7518;15.25937;199.104399287319;3.162277698516846;24.00362482104263;-9999;1542829419.72752;-27.83554077148438;-0.2300491333007812;-21.61056518554688;8.524504661560059;15.21337032318115;15;80845.26145987501;-0.2689361572265625;-0.751251220703125;-0.5933074951171875;80845.260482875;0.03239415886750584;-0.07710756830550021;-0.09031152099011308;80845.264999875;121.1991424560547;125.10791015625;-476.6317138671875;80844.71141087501;-1.6373306025051;-0.6403319985923857;1.12900948019044;0.03557610511779785;0.4805332124233246;0.409882128238678;-0.06033259630203247;-0.05447626113891602;-0.08826637268066406;2;-0.1527680456638336;0.5524799823760986;0.7006247043609619;-0.4249150454998016;-0.2554479837417603;-0.9039891362190247;-0.3428555727005005;-21.16527557373047;-5.802452087402344;-27.23922729492188;2;80845.80854791668;1;2;1542829414.78016;80842.435642;0;1.371338;90.53313;0;179348320;1;1;0.48;-120;-120;4
1542829428.253523;989;0;0;1542829419.157827;4.403908975618376;-75.14471259207259;964.7518;15.25937;199.104399287319;3.162277698516846;24.00362482104263;-9999;1542829419.777534;-27.80807495117188;-0.2999420166015625;-21.68661499023438;8.457193374633789;15.14605903625488;15;80845.271499875;-0.26043701171875;-0.806884765625;-0.585235595703125;80845.27052387501;0.06366765954830633;-0.115079451760068;-0.04343509211475634;80845.264999875;121.1991424560547;125.10791015625;-476.6317138671875;80844.71141087501;-1.6373306025051;-0.6403319985923857;1.12900948019044;0.03557610511779785;0.4805332124233246;0.409882128238678;-0.06033259630203247;-0.05447626113891602;-0.08826637268066406;2;-0.1527680456638336;0.5524799823760986;0.7006247043609619;-0.4249150454998016;-0.2554479837417603;-0.9039891362190247;-0.3428555727005005;-21.16527557373047;-5.802452087402344;-27.23922729492188;2;80845.80854791668;1;2;1542829414.78016;80842.435642;0;1.371338;90.53313;0;179348320;1;1;0.48;-120;-120;4
1542829428.446885;990;0;0;1542829419.157827;4.403908975618376;-75.14471259207259;964.7518;15.25937;199.104399287319;3.162277698516846;24.00362482104263;-9999;1542829419.927839;-27.51873016357422;-0.3698272705078125;-22.0609130859375;8.084687232971191;14.77355289459229;15;80845.281509875;-0.2845611572265625;-0.8672027587890625;-0.551239013671875;80845.28053287501;0.06213128191543962;-0.02747130559249437;0.05792002528369732;80845.284439875;121.2742004394531;125.0334777832031;-476.5578918457031;80844.71141087501;-1.6373306025051;-0.6403319985923857;1.12900948019044;0.03557610511779785;0.4805332124233246;0.409882128238678;-0.06033259630203247;-0.05447626113891602;-0.08826637268066406;2;-0.1527680456638336;0.5524799823760986;0.7006247043609619;-0.4249150454998016;-0.2554479837417603;-0.9039891362190247;-0.3428555727005005;-21.16527557373047;-5.802452087402344;-27.23922729492188;2;80845.80854791668;1;2;1542829414.78016;80842.435642;0;1.371338;90.53313;0;179348320;1;1;0.48;-120;-120;4
1542829428.541485;991;0;0;1542829419.157827;4.403908975618376;-75.14471259207259;964.7518;15.25937;199.104399287319;3.162277698516846;24.00362482104263;-9999;1542829419.977897;-27.27243804931641;-0.2665023803710938;-21.86441040039062;8.035408973693848;14.72427463531494;15;80845.291519875;-0.257904052734375;-0.9066314697265625;-0.530609130859375;80845.29054287501;0.009513077729872046;0.0986237793844684;0.06842992420958603;80845.284439875;121.2742004394531;125.0334777832031;-476.5578918457031;80844.71141087501;-1.6373306025051;-0.6403319985923857;1.12900948019044;0.03557610511779785;0.4805332124233246;0.409882128238678;-0.06033259630203247;-0.05447626113891602;-0.08826637268066406;2;-0.1527680456638336;0.5524799823760986;0.7006247043609619;-0.4249150454998016;-0.2554479837417603;-0.9039891362190247;-0.3428555727005005;-21.16527557373047;-5.802452087402344;-27.23922729492188;2;80845.80854791668;1;2;1542829414.78016;80842.435642;0;1.371338;90.53313;0;179348320;1;1;0.48;-120;-120;4
1542829428.742884;992;0;0;1542829420.284496;4.403775165997657;-75.14475648325286;964.7518;15.27782;199.10299226835;3.162277698516846;24.00362482104263;-9999;1542829420.71793;-27.49725341796875;-0.3915634155273438;-22.00173950195312;8.005099296569824;14.69396495819092;15;80845.301528875;-0.2247161865234375;-0.8907470703125;-0.5205535888671875;80845.30055287501;-0.08464351524209744;0.08143014507080783;0.09634943981354073;80845.303878875;121.1993255615234;124.73291015625;-476.6360473632812;80844.71141087501;-1.6373306025051;-0.6403319985923857;1.12900948019044;0.03557610511779785;0.4805332124233246;0.409882128238678;-0.06033259630203247;-0.05447626113891602;-0.08826637268066406;2;-0.1527680456638336;0.5524799823760986;0.7006247043609619;-0.4249150454998016;-0.2554479837417603;-0.9039891362190247;-0.3428555727005005;-21.16527557373047;-5.802452087402344;-27.23922729492188;2;80845.80854791668;1;2;1542829414.78016;80842.435642;0;1.371338;90.53313;0;179348320;1;1;0.48;-120;-120;4
1542829428.830822;993;0;0;1542829420.284496;4.403775165997657;-75.14475648325286;964.7518;15.27782;199.10299226835;3.162277698516846;24.00362482104263;-9999;1542829420.71793;-27.49725341796875;-0.3915634155273438;-22.00173950195312;8.005099296569824;14.69396495819092;15;80845.311569875;-0.240447998046875;-0.893798828125;-0.505706787109375;80845.310592875;-0.1456365621076372;0.1269379754619728;0.1497676575905681;80845.303878875;121.1993255615234;124.73291015625;-476.6360473632812;80844.71141087501;-1.6373306025051;-0.6403319985923857;1.12900948019044;0.03557610511779785;0.4805332124233246;0.409882128238678;-0.06033259630203247;-0.05447626113891602;-0.08826637268066406;2;-0.1527680456638336;0.5524799823760986;0.7006247043609619;-0.4249150454998016;-0.2554479837417603;-0.9039891362190247;-0.3428555727005005;-21.16527557373047;-5.802452087402344;-27.23922729492188;2;80845.80854791668;1;2;1542829414.78016;80842.435642;0;1.371338;90.53313;0;179348320;1;1;0.48;-120;-120;4
1542829428.991284;994;0;0;1542829420.284496;4.403775165997657;-75.14475648325286;964.7518;15.27782;199.10299226835;3.162277698516846;24.00362482104263;-9999;1542829420.71793;-27.49725341796875;-0.3915634155273438;-22.00173950195312;8.005099296569824;14.69396495819092;15;80845.321579875;-0.252716064453125;-0.8984375;-0.5118560791015625;80845.320602875;-0.221218938056849;0.1229373748724558;0.1395017042205307;80845.32334987501;121.0492095947266;124.9567108154297;-476.6327819824219;80844.71141087501;-1.6373306025051;-0.6403319985923857;1.12900948019044;0.03557610511779785;0.4805332124233246;0.409882128238678;-0.06033259630203247;-0.05447626113891602;-0.08826637268066406;2;-0.1527680456638336;0.5524799823760986;0.7006247043609619;-0.4249150454998016;-0.2554479837417603;-0.9039891362190247;-0.3428555727005005;-21.16527557373047;-5.802452087402344;-27.23922729492188;2;80845.80854791668;1;2;1542829414.78016;80842.435642;0;1.371338;90.53313;0;179348320;1;1;0.48;-120;-120;4
1542829429.002785;995;0;0;1542829420.284496;4.403775165997657;-75.14475648325286;964.7518;15.27782;199.10299226835;3.162277698516846;24.00362482104263;-9999;1542829420.71793;-27.49725341796875;-0.3915634155273438;-22.00173950195312;8.005099296569824;14.69396495819092;15;80845.33158887501;-0.221466064453125;-0.9185943603515625;-0.51751708984375;80845.33061287501;-0.3104787767324898;0.1882450090200329;0.04649240104616731;80845.32334987501;121.0492095947266;124.9567108154297;-476.6327819824219;80844.71141087501;-1.6373306025051;-0.6403319985923857;1.12900948019044;0.03557610511779785;0.4805332124233246;0.409882128238678;-0.06033259630203247;-0.05447626113891602;-0.08826637268066406;2;-0.1527680456638336;0.5524799823760986;0.7006247043609619;-0.4249150454998016;-0.2554479837417603;-0.9039891362190247;-0.3428555727005005;-21.16527557373047;-5.802452087402344;-27.23922729492188;2;80845.80854791668;1;2;1542829414.78016;80842.435642;0;1.371338;90.53313;0;179348320;1;1;0.48;-120;-120;4
1542829429.381746;996;0;0;1542829420.284496;4.403775165997657;-75.14475648325286;964.7518;15.27782;199.10299226835;3.162277698516846;24.00362482104263;-9999;1542829420.71793;-27.49725341796875;-0.3915634155273438;-22.00173950195312;8.005099296569824;14.69396495819092;15;80845.34162987501;-0.2307281494140625;-0.942779541015625;-0.512451171875;80845.34065287501;-0.3447163757065485;0.07458049474712403;-0.009468602939667723;80845.342788875;121.0489044189453;125.3318328857422;-476.8534851074219;80844.71141087501;-1.6373306025051;-0.6403319985923857;1.12900948019044;0.03557610511779785;0.4805332124233246;0.409882128238678;-0.06033259630203247;-0.05447626113891602;-0.08826637268066406;2;-0.1527680456638336;0.5524799823760986;0.7006247043609619;-0.4249150454998016;-0.2554479837417603;-0.9039891362190247;-0.3428555727005005;-21.16527557373047;-5.802452087402344;-27.23922729492188;2;80845.80854791668;1;2;1542829414.78016;80842.435642;0;1.371338;90.53313;0;179348320;1;1;0.48;-120;-120;4
1542829429.470146;997;0;0;1542829420.284496;4.403775165997657;-75.14475648325286;964.7518;15.27782;199.10299226835;3.162277698516846;24.00362482104263;-9999;1542829420.71793;-27.49725341796875;-0.3915634155273438;-22.00173950195312;8.005099296569824;14.69396495819092;15;80845.351638875;-0.3051605224609375;-0.9918670654296875;-0.583465576171875;80845.350662875;-0.2629088607092764;-0.1382643995780798;-0.007824367282652803;80845.342788875;121.0489044189453;125.3318328857422;-476.8534851074219;80844.71141087501;-1.6373306025051;-0.6403319985923857;1.12900948019044;0.03557610511779785;0.4805332124233246;0.409882128238678;-0.06033259630203247;-0.05447626113891602;-0.08826637268066406;2;-0.1527680456638336;0.5524799823760986;0.7006247043609619;-0.4249150454998016;-0.2554479837417603;-0.9039891362190247;-0.3428555727005005;-21.16527557373047;-5.802452087402344;-27.23922729492188;2;80845.80854791668;1;2;1542829414.78016;80842.435642;0;1.371338;90.53313;0;179348320;1;1;0.48;-120;-120;4
