1543855294.41534;125362;0;0;1543855294.001894;4.449865636248468;-75.19944767631372;1147.865;0.09338965;200.3514279052233;3.162277698516846;6.000906205260658;-9999;1543855294.4012;-7.19854736328125;13.17044067382812;-29.89401245117188;11.78030014038086;18.44550514221191;20;257432.781717125;-0.67474365234375;0.3476715087890625;0.23834228515625;257432.772653125;3.330813977465449;-2.916576846766818;1.255212802884943;257432.765604125;117.3065338134766;122.2208251953125;-464.7223815917969;257426.715431;-3.090612780249921;-0.2189510307871222;-1.346505640176264;0.7632187604904175;1.147340774536133;-0.6691798567771912;-0.1318636834621429;0.07509815692901611;0.1709253191947937;2;0.1011860221624374;-0.6174211502075195;0.7751286625862122;-0.08790963888168335;-0.04830983281135559;0.9749521017074585;-0.2171050310134888;24.61177825927734;14.05433654785156;-13.65921020507812;2;257429.57296575;3;2;1543855291.184901;257429.403546;0;2.269775;88.91224;0;180294791;1;1;0.2;-0.09999937;-8.738923;0
1543855294.418798;125363;0;0;1543855294.001894;4.449865636248468;-75.19944767631372;1147.865;0.09338965;200.3514279052233;3.162277698516846;6.000906205260658;-9999;1543855294.4012;-7.19854736328125;13.17044067382812;-29.89401245117188;11.78030014038086;18.44550514221191;20;257432.791727125;-0.4981842041015625;0.4699554443359375;0.6047515869140625;257432.782694125;3.977721372592161;-2.725830330534874;1.472916634618996;257432.785013125;116.1060638427734;120.5625;-467.2860717773438;257426.715431;-3.090612780249921;-0.2189510307871222;-1.346505640176264;0.7632187604904175;1.147340774536133;-0.6691798567771912;-0.1318636834621429;0.07509815692901611;0.1709253191947937;2;0.1011860221624374;-0.6174211502075195;0.7751286625862122;-0.08790963888168335;-0.04830983281135559;0.9749521017074585;-0.2171050310134888;24.61177825927734;14.05433654785156;-13.65921020507812;2;257429.57296575;3;2;1543855291.184901;257429.403546;0;2.269775;88.91224;0;180294791;1;1;0.2;-0.09999937;-8.738923;0
1543855294.421934;125364;0;0;1543855294.001894;4.449865636248468;-75.19944767631372;1147.865;0.09338965;200.3514279052233;3.162277698516846;6.000906205260658;-9999;1543855294.4012;-7.19854736328125;13.17044067382812;-29.89401245117188;11.78030014038086;18.44550514221191;20;257432.801737125;-0.26348876953125;0.715576171875;0.6096649169921875;257432.792703125;4.566887706860428;-2.334617559040523;1.941245230218227;257432.785013125;116.1060638427734;120.5625;-467.2860717773438;257426.715431;-3.090612780249921;-0.2189510307871222;-1.346505640176264;0.7632187604904175;1.147340774536133;-0.6691798567771912;-0.1318636834621429;0.07509815692901611;0.1709253191947937;2;0.1011860221624374;-0.6174211502075195;0.7751286625862122;-0.08790963888168335;-0.04830983281135559;0.9749521017074585;-0.2171050310134888;24.61177825927734;14.05433654785156;-13.65921020507812;2;257429.57296575;3;2;1543855291.184901;257429.403546;0;2.269775;88.91224;0;180294791;1;1;0.2;-0.09999937;-8.738923;0
1543855294.424765;125365;0;0;1543855294.001894;4.449865636248468;-75.19944767631372;1147.865;0.09338965;200.3514279052233;3.162277698516846;6.000906205260658;-9999;1543855294.4012;-7.19854736328125;13.17044067382812;-29.89401245117188;11.78030014038086;18.44550514221191;20;257432.811777125;0.0547027587890625;1.121292114257812;0.2327423095703125;257432.802713125;4.670220487684375;-1.437660376527982;2.280569769981801;257432.804392125;115.8811492919922;120.3357391357422;-467.3626403808594;257426.715431;-3.090612780249921;-0.2189510307871222;-1.346505640176264;0.7632187604904175;1.147340774536133;-0.6691798567771912;-0.1318636834621429;0.07509815692901611;0.1709253191947937;2;0.1011860221624374;-0.6174211502075195;0.7751286625862122;-0.08790963888168335;-0.04830983281135559;0.9749521017074585;-0.2171050310134888;24.61177825927734;14.05433654785156;-13.65921020507812;2;257429.57296575;3;2;1543855291.184901;257430.366614;0;2.174683;88.91328;0;180294791;1;1;0.2;-0.09999937;-8.738923;0
1543855294.433296;125366;0;0;1543855294.001894;4.449865636248468;-75.19944767631372;1147.865;0.09338965;200.3514279052233;3.162277698516846;6.000906205260658;-9999;1543855294.423813;-7.538490295410156;12.67475891113281;-30.36203002929688;9.116439819335938;15.78164386749268;20;257432.821787125;0.4003448486328125;1.705047607421875;-0.3382110595703125;257432.812754125;4.144402766265822;0.06466288284766894;2.497190760416628;257432.804392125;115.8811492919922;120.3357391357422;-467.3626403808594;257426.715431;-3.090612780249921;-0.2189510307871222;-1.346505640176264;0.7632187604904175;1.147340774536133;-0.6691798567771912;-0.1318636834621429;0.07509815692901611;0.1709253191947937;2;0.1011860221624374;-0.6174211502075195;0.7751286625862122;-0.08790963888168335;-0.04830983281135559;0.9749521017074585;-0.2171050310134888;24.61177825927734;14.05433654785156;-13.65921020507812;2;257429.57296575;3;2;1543855291.184901;257430.366614;0;2.174683;88.91328;0;180294791;1;1;0.2;-0.09999937;-9.37133;0
1543855294.443509;125367;0;0;1543855294.001894;4.449865636248468;-75.19944767631372;1147.865;0.09338965;200.3514279052233;3.162277698516846;6.000906205260658;-9999;1543855294.423813;-7.538490295410156;12.67475891113281;-30.36203002929688;9.116439819335938;15.78164386749268;20;257432.831796125;0.599517822265625;2.2249755859375;-0.650299072265625;257432.822763125;3.144432914892363;2.471992462814516;2.618984573917004;257432.823801125;115.9559326171875;120.4115295410156;-467.7371215820312;257426.715431;-3.090612780249921;-0.2189510307871222;-1.346505640176264;0.7632187604904175;1.147340774536133;-0.6691798567771912;-0.1318636834621429;0.07509815692901611;0.1709253191947937;2;0.1011860221624374;-0.6174211502075195;0.7751286625862122;-0.08790963888168335;-0.04830983281135559;0.9749521017074585;-0.2171050310134888;24.61177825927734;14.05433654785156;-13.65921020507812;2;257429.57296575;3;2;1543855291.184901;257430.366614;0;2.174683;88.91328;0;180294791;1;1;0.2;-0.09999937;-9.37133;0
1543855294.453633;125368;0;0;1543855294.001894;4.449865636248468;-75.19944767631372;1147.865;0.09338965;200.3514279052233;3.162277698516846;6.000906205260658;-9999;1543855294.449952;-7.527732849121094;12.68864440917969;-30.54559326171875;13.19059562683105;19.85580062866211;20;257432.841837125;0.617279052734375;2.497207641601562;-0.68402099609375;257432.832773125;2.03208831816192;4.395933271217735;2.600187982943225;257432.823801125;115.9559326171875;120.4115295410156;-467.7371215820312;257426.715431;-3.090612780249921;-0.2189510307871222;-1.346505640176264;0.7632187604904175;1.147340774536133;-0.6691798567771912;-0.1318636834621429;0.07509815692901611;0.1709253191947937;2;0.1011860221624374;-0.6174211502075195;0.7751286625862122;-0.08790963888168335;-0.04830983281135559;0.9749521017074585;-0.2171050310134888;24.61177825927734;14.05433654785156;-13.65921020507812;2;257429.57296575;3;2;1543855291.184901;257430.366614;0;2.174683;88.91328;0;180294791;1;1;0.2;-0.09999937;-10.33134;0
1543855294.463785;125369;0;0;1543855294.001894;4.449865636248468;-75.19944767631372;1147.865;0.09338965;200.3514279052233;3.162277698516846;6.000906205260658;-9999;1543855294.449952;-7.527732849121094;12.68864440917969;-30.54559326171875;13.19059562683105;19.85580062866211;20;257432.851847125;0.6183319091796875;2.889251708984375;-0.6719970703125;257432.842813125;1.250589288916456;4.52581537126479;2.504436156478298;257432.843210125;118.2039642333984;121.0311584472656;-471.0401000976562;257426.715431;-3.090612780249921;-0.2189510307871222;-1.346505640176264;0.7632187604904175;1.147340774536133;-0.6691798567771912;-0.1318636834621429;0.07509815692901611;0.1709253191947937;2;0.1011860221624374;-0.6174211502075195;0.7751286625862122;-0.08790963888168335;-0.04830983281135559;0.9749521017074585;-0.2171050310134888;24.61177825927734;14.05433654785156;-13.65921020507812;2;257429.57296575;3;2;1543855291.184901;257430.366614;0;2.174683;88.91328;0;180294791;1;1;0.2;-0.09999937;-10.33134;0
1543855294.498071;125370;0;0;1543855294.001894;4.449865636248468;-75.19944767631372;1147.865;0.09338965;200.3514279052233;3.162277698516846;6.000906205260658;-9999;1543855294.474334;-3.930335998535156;13.36878967285156;-35.55252075195312;18.77421951293945;25.43942451477051;20;257432.861856125;0.5402374267578125;3.246978759765625;-0.5045013427734375;257432.852823125;1.328091537695506;3.311337215149264;2.540492161844663;257432.862589125;119.8529663085938;121.1952514648438;-472.8456420898438;257426.715431;-3.090612780249921;-0.2189510307871222;-1.346505640176264;0.7632187604904175;1.147340774536133;-0.6691798567771912;-0.1318636834621429;0.07509815692901611;0.1709253191947937;2;0.1011860221624374;-0.6174211502075195;0.7751286625862122;-0.08790963888168335;-0.04830983281135559;0.9749521017074585;-0.2171050310134888;24.61177825927734;14.05433654785156;-13.65921020507812;2;257429.57296575;3;2;1543855291.184901;257430.366614;0;2.174683;88.91328;0;180294791;1;1;0.2;-0.09999937;-11.19454;0
1543855294.501822;125371;0;0;1543855294.001894;4.449865636248468;-75.19944767631372;1147.865;0.09338965;200.3514279052233;3.162277698516846;6.000906205260658;-9999;1543855294.474334;-3.930335998535156;13.36878967285156;-35.55252075195312;18.77421951293945;25.43942451477051;20;257432.871897125;0.3795928955078125;3.123031616210938;-0.264068603515625;257432.862833125;2.114120870271303;2.706599910619521;3.070553364144148;257432.862589125;119.8529663085938;121.1952514648438;-472.8456420898438;257426.715431;-3.090612780249921;-0.2189510307871222;-1.346505640176264;0.7632187604904175;1.147340774536133;-0.6691798567771912;-0.1318636834621429;0.07509815692901611;0.1709253191947937;2;0.1011860221624374;-0.6174211502075195;0.7751286625862122;-0.08790963888168335;-0.04830983281135559;0.9749521017074585;-0.2171050310134888;24.61177825927734;14.05433654785156;-13.65921020507812;2;257429.57296575;3;2;1543855291.184901;257430.366614;0;2.174683;88.91328;0;180294791;1;1;0.2;-0.09999937;-11.19454;0
1543855294.504908;125372;0;0;1543855294.001894;4.449865636248468;-75.19944767631372;1147.865;0.09338965;200.3514279052233;3.162277698516846;6.000906205260658;-9999;1543855294.502072;-2.314498901367188;13.82121276855469;-37.17901611328125;22.18729972839355;28.85250473022461;20;257432.881906125;0.403656005859375;2.636184692382812;-0.4039154052734375;257432.872873125;2.687455510807377;2.299092055363302;3.785842746580824;257432.881998125;121.4269561767578;121.5836791992188;-474.4982299804688;257426.715431;-3.090612780249921;-0.2189510307871222;-1.346505640176264;0.7632187604904175;1.147340774536133;-0.6691798567771912;-0.1318636834621429;0.07509815692901611;0.1709253191947937;2;0.1011860221624374;-0.6174211502075195;0.7751286625862122;-0.08790963888168335;-0.04830983281135559;0.9749521017074585;-0.2171050310134888;24.61177825927734;14.05433654785156;-13.65921020507812;2;257429.57296575;3;2;1543855291.184901;257430.366614;0;2.174683;88.91328;0;180294791;1;1;0.2;-0.09999937;-11.19454;0
1543855294.506912;125373;0;0;1543855294.001894;4.449865636248468;-75.19944767631372;1147.865;0.09338965;200.3514279052233;3.162277698516846;6.000906205260658;-9999;1543855294.502072;-2.314498901367188;13.82121276855469;-37.17901611328125;22.18729972839355;28.85250473022461;20;257432.891916125;0.5570526123046875;2.228073120117188;-0.596588134765625;257432.882883125;2.732157468652684;1.076099240610574;4.223364959954454;257432.881998125;121.4269561767578;121.5836791992188;-474.4982299804688;257426.715431;-3.090612780249921;-0.2189510307871222;-1.346505640176264;0.7632187604904175;1.147340774536133;-0.6691798567771912;-0.1318636834621429;0.07509815692901611;0.1709253191947937;2;0.1011860221624374;-0.6174211502075195;0.7751286625862122;-0.08790963888168335;-0.04830983281135559;0.9749521017074585;-0.2171050310134888;24.61177825927734;14.05433654785156;-13.65921020507812;2;257429.57296575;3;2;1543855291.184901;257430.366614;0;2.174683;88.91328;0;180294791;1;1;0.2;-0.09999937;-11.19454;0
1543855294.513322;125374;0;0;1543855294.001894;4.449865636248468;-75.19944767631372;1147.865;0.09338965;200.3514279052233;3.162277698516846;6.000906205260658;-9999;1543855294.502072;-2.314498901367188;13.82121276855469;-37.17901611328125;22.18729972839355;28.85250473022461;20;257432.901956125;0.55450439453125;1.979171752929688;-0.5725250244140625;257432.892893125;2.87802785630403;-1.093231089586944;4.301315152428855;257432.901407125;121.6515502929688;122.1855773925781;-474.7173461914062;257426.715431;-3.090612780249921;-0.2189510307871222;-1.346505640176264;0.7632187604904175;1.147340774536133;-0.6691798567771912;-0.1318636834621429;0.07509815692901611;0.1709253191947937;2;0.1011860221624374;-0.6174211502075195;0.7751286625862122;-0.08790963888168335;-0.04830983281135559;0.9749521017074585;-0.2171050310134888;24.61177825927734;14.05433654785156;-13.65921020507812;2;257429.57296575;3;2;1543855291.184901;257430.366614;0;2.174683;88.91328;0;180294791;1;1;0.2;-0.09999937;-11.19454;0
1543855294.523641;125375;0;0;1543855294.001894;4.449865636248468;-75.19944767631372;1147.865;0.09338965;200.3514279052233;3.162277698516846;6.000906205260658;-9999;1543855294.502072;-2.314498901367188;13.82121276855469;-37.17901611328125;22.18729972839355;28.85250473022461;20;257432.911966125;0.6348419189453125;1.860122680664062;-0.437530517578125;257432.902933125;3.296465058357825;-2.795524190997811;3.721608898984767;257432.901407125;121.6515502929688;122.1855773925781;-474.7173461914062;257426.715431;-3.090612780249921;-0.2189510307871222;-1.346505640176264;0.7632187604904175;1.147340774536133;-0.6691798567771912;-0.1318636834621429;0.07509815692901611;0.1709253191947937;2;0.1011860221624374;-0.6174211502075195;0.7751286625862122;-0.08790963888168335;-0.04830983281135559;0.9749521017074585;-0.2171050310134888;24.61177825927734;14.05433654785156;-13.65921020507812;2;257429.57296575;3;2;1543855291.184901;257430.366614;0;2.174683;88.91328;0;180294791;1;1;0.2;-0.09999937;-11.93094;0
1543855294.5334;125376;0;0;1543855294.001894;4.449865636248468;-75.19944767631372;1147.865;0.09338965;200.3514279052233;3.162277698516846;6.000906205260658;-9999;1543855294.523644;-1.870414733886719;14.42722320556641;-37.6956787109375;20.14907264709473;26.81427764892578;20;257432.921976125;0.7098388671875;1.76885986328125;-0.5109710693359375;257432.912943125;3.488343950685271;-4.216358715758673;2.949589924271658;257432.920816125;121.0520324707031;122.1802978515625;-473.7397155761719;257426.715431;-3.090612780249921;-0.2189510307871222;-1.346505640176264;0.7632187604904175;1.147340774536133;-0.6691798567771912;-0.1318636834621429;0.07509815692901611;0.1709253191947937;2;0.1011860221624374;-0.6174211502075195;0.7751286625862122;-0.08790963888168335;-0.04830983281135559;0.9749521017074585;-0.2171050310134888;24.61177825927734;14.05433654785156;-13.65921020507812;2;257429.57296575;3;2;1543855291.184901;257430.366614;0;2.174683;88.91328;0;180294791;1;1;0.2;-0.09999937;-11.93094;0
1543855294.543728;125377;0;0;1543855294.001894;4.449865636248468;-75.19944767631372;1147.865;0.09338965;200.3514279052233;3.162277698516846;6.000906205260658;-9999;1543855294.523644;-1.870414733886719;14.42722320556641;-37.6956787109375;20.14907264709473;26.81427764892578;20;257432.932016125;0.6005859375;1.683395385742188;-0.5569305419921875;257432.922952125;3.383871070598662;-5.420106995842271;2.321725728835667;257432.920816125;121.0520324707031;122.1802978515625;-473.7397155761719;257426.715431;-3.090612780249921;-0.2189510307871222;-1.346505640176264;0.7632187604904175;1.147340774536133;-0.6691798567771912;-0.1318636834621429;0.07509815692901611;0.1709253191947937;2;0.1011860221624374;-0.6174211502075195;0.7751286625862122;-0.08790963888168335;-0.04830983281135559;0.9749521017074585;-0.2171050310134888;24.61177825927734;14.05433654785156;-13.65921020507812;2;257429.57296575;3;2;1543855291.184901;257430.366614;0;2.174683;88.91328;0;180294791;1;1;0.2;-0.09999937;-11.50108;0
1543855294.568504;125378;0;0;1543855294.001894;4.449865636248468;-75.19944767631372;1147.865;0.09338965;200.3514279052233;3.162277698516846;6.000906205260658;-9999;1543855294.550659;-2.293815612792969;14.47222900390625;-36.91583251953125;13.24652099609375;19.9117259979248;20;257432.942026125;0.316131591796875;1.522735595703125;-0.41961669921875;257432.932993125;3.287055577594357;-6.433806241583416;2.005816234008288;257432.940225125;119.1779174804688;122.3893127441406;-471.7788696289062;257426.715431;-3.090612780249921;-0.2189510307871222;-1.346505640176264;0.7632187604904175;1.147340774536133;-0.6691798567771912;-0.1318636834621429;0.07509815692901611;0.1709253191947937;2;0.1011860221624374;-0.6174211502075195;0.7751286625862122;-0.08790963888168335;-0.04830983281135559;0.9749521017074585;-0.2171050310134888;24.61177825927734;14.05433654785156;-13.65921020507812;2;257429.57296575;3;2;1543855291.184901;257430.366614;0;2.174683;88.91328;0;180294791;1;1;0.2;-0.09999937;-12.17909;0
1543855294.571229;125379;0;0;1543855294.001894;4.449865636248468;-75.19944767631372;1147.865;0.09338965;200.3514279052233;3.162277698516846;6.000906205260658;-9999;1543855294.550659;-2.293815612792969;14.47222900390625;-36.91583251953125;13.24652099609375;19.9117259979248;20;257432.952036125;0.089111328125;1.2698974609375;-0.2815399169921875;257432.943003125;3.184856504446457;-6.874123708837192;1.832627672527127;257432.940225125;119.1779174804688;122.3893127441406;-471.7788696289062;257426.715431;-3.090612780249921;-0.2189510307871222;-1.346505640176264;0.7632187604904175;1.147340774536133;-0.6691798567771912;-0.1318636834621429;0.07509815692901611;0.1709253191947937;2;0.1011860221624374;-0.6174211502075195;0.7751286625862122;-0.08790963888168335;-0.04830983281135559;0.9749521017074585;-0.2171050310134888;24.61177825927734;14.05433654785156;-13.65921020507812;2;257429.57296575;3;2;1543855291.184901;257430.366614;0;2.174683;88.91328;0;180294791;1;1;0.2;-0.09999937;-12.17909;0
1543855294.573821;125380;0;0;1543855294.001894;4.449865636248468;-75.19944767631372;1147.865;0.09338965;200.3514279052233;3.162277698516846;6.000906205260658;-9999;1543855294.550659;-2.293815612792969;14.47222900390625;-36.91583251953125;13.24652099609375;19.9117259979248;20;257432.962076125;-0.047332763671875;0.92926025390625;-0.179595947265625;257432.953012125;2.879817766872673;-6.693028222079587;1.648257562893159;257432.959604125;117.3794860839844;121.8486175537109;-469.1520080566406;257426.715431;-3.090612780249921;-0.2189510307871222;-1.346505640176264;0.7632187604904175;1.147340774536133;-0.6691798567771912;-0.1318636834621429;0.07509815692901611;0.1709253191947937;2;0.1011860221624374;-0.6174211502075195;0.7751286625862122;-0.08790963888168335;-0.04830983281135559;0.9749521017074585;-0.2171050310134888;24.61177825927734;14.05433654785156;-13.65921020507812;2;257429.57296575;3;2;1543855291.184901;257430.366614;0;2.174683;88.91328;0;180294791;1;1;0.2;-0.09999937;-12.17909;0
1543855294.583666;125381;0;0;1543855294.001894;4.449865636248468;-75.19944767631372;1147.865;0.09338965;200.3514279052233;3.162277698516846;6.000906205260658;-9999;1543855294.573877;-5.733718872070312;14.18172454833984;-32.6944580078125;3.562949657440186;10.22815418243408;20;257432.972086125;-0.1088714599609375;0.557037353515625;-0.147552490234375;257432.963053125;2.308140411482955;-6.494536967081583;1.390329346054549;257432.959604125;117.3794860839844;121.8486175537109;-469.1520080566406;257426.715431;-3.090612780249921;-0.2189510307871222;-1.346505640176264;0.7632187604904175;1.147340774536133;-0.6691798567771912;-0.1318636834621429;0.07509815692901611;0.1709253191947937;2;0.1011860221624374;-0.6174211502075195;0.7751286625862122;-0.08790963888168335;-0.04830983281135559;0.9749521017074585;-0.2171050310134888;24.61177825927734;14.05433654785156;-13.65921020507812;2;257429.57296575;3;2;1543855291.184901;257430.366614;0;2.174683;88.91328;0;180294791;1;1;0.2;-0.09999937;-12.17909;0
1543855294.593631;125382;0;0;1543855294.001894;4.449865636248468;-75.19944767631372;1147.865;0.09338965;200.3514279052233;3.162277698516846;6.000906205260658;-9999;1543855294.573877;-5.733718872070312;14.18172454833984;-32.6944580078125;3.562949657440186;10.22815418243408;20;257432.982126125;-0.176666259765625;0.1723480224609375;-0.1515960693359375;257432.973062125;1.482998563557709;-6.151933010751685;1.09767244333687;257432.979013125;116.3304901123047;122.0641326904297;-466.9697875976562;257426.715431;-3.090612780249921;-0.2189510307871222;-1.346505640176264;0.7632187604904175;1.147340774536133;-0.6691798567771912;-0.1318636834621429;0.07509815692901611;0.1709253191947937;2;0.1011860221624374;-0.6174211502075195;0.7751286625862122;-0.08790963888168335;-0.04830983281135559;0.9749521017074585;-0.2171050310134888;24.61177825927734;14.05433654785156;-13.65921020507812;2;257429.57296575;3;2;1543855291.184901;257430.366614;0;2.174683;88.91328;0;180294791;1;1;0.2;-0.09999937;-12.81158;0
1543855294.603694;125383;0;0;1543855294.001894;4.449865636248468;-75.19944767631372;1147.865;0.09338965;200.3514279052233;3.162277698516846;6.000906205260658;-9999;1543855294.600084;-6.900123596191406;14.37657165527344;-30.44174194335938;353.3818969726562;0.04711301624774933;20;257432.992136125;-0.251678466796875;-0.146240234375;-0.085845947265625;257432.983103125;0.5109128077457065;-5.3553346570738;0.7497911669908709;257432.979013125;116.3304901123047;122.0641326904297;-466.9697875976562;257426.715431;-3.090612780249921;-0.2189510307871222;-1.346505640176264;0.7632187604904175;1.147340774536133;-0.6691798567771912;-0.1318636834621429;0.07509815692901611;0.1709253191947937;2;0.1011860221624374;-0.6174211502075195;0.7751286625862122;-0.08790963888168335;-0.04830983281135559;0.9749521017074585;-0.2171050310134888;24.61177825927734;14.05433654785156;-13.65921020507812;2;257429.57296575;3;2;1543855291.184901;257430.366614;0;2.174683;88.91328;0;180294791;1;1;0.2;-0.09999937;-12.81158;0
1543855294.613707;125384;0;0;1543855294.001894;4.449865636248468;-75.19944767631372;1147.865;0.09338965;200.3514279052233;3.162277698516846;6.000906205260658;-9999;1543855294.600084;-6.900123596191406;14.37657165527344;-30.44174194335938;353.3818969726562;0.04711301624774933;20;257433.002146125;-0.3861541748046875;-0.3931427001953125;-0.0389862060546875;257432.993112125;-0.3648024692801441;-4.303575377246005;0.4042731797962085;257432.998422125;115.7311706542969;122.6583709716797;-465.0102844238281;257426.715431;-3.090612780249921;-0.2189510307871222;-1.346505640176264;0.7632187604904175;1.147340774536133;-0.6691798567771912;-0.1318636834621429;0.07509815692901611;0.1709253191947937;2;0.1011860221624374;-0.6174211502075195;0.7751286625862122;-0.08790963888168335;-0.04830983281135559;0.9749521017074585;-0.2171050310134888;24.61177825927734;14.05433654785156;-13.65921020507812;2;257429.57296575;3;2;1543855291.184901;257430.366614;0;2.174683;88.91328;0;180294791;1;1;0.2;-0.09999937;-5.684361;0
1543855294.623789;125385;0;0;1543855294.001894;4.449865636248468;-75.19944767631372;1147.865;0.09338965;200.3514279052233;3.162277698516846;6.000906205260658;-9999;1543855294.600084;-6.900123596191406;14.37657165527344;-30.44174194335938;353.3818969726562;0.04711301624774933;20;257433.012186125;-0.505096435546875;-0.3899078369140625;-0.0593414306640625;257433.003122125;-1.28634222655077;-3.230402418041211;-0.03543176040685022;257432.998422125;115.7311706542969;122.6583709716797;-465.0102844238281;257426.715431;-3.090612780249921;-0.2189510307871222;-1.346505640176264;0.7632187604904175;1.147340774536133;-0.6691798567771912;-0.1318636834621429;0.07509815692901611;0.1709253191947937;2;0.1011860221624374;-0.6174211502075195;0.7751286625862122;-0.08790963888168335;-0.04830983281135559;0.9749521017074585;-0.2171050310134888;24.61177825927734;14.05433654785156;-13.65921020507812;2;257429.57296575;3;2;1543855291.184901;257430.366614;0;2.174683;88.91328;0;180294791;1;1;0.2;-0.09999937;-5.684361;0
1543855294.653256;125386;0;0;1543855294.001894;4.449865636248468;-75.19944767631372;1147.865;0.09338965;200.3514279052233;3.162277698516846;6.000906205260658;-9999;1543855294.650694;-8.030899047851562;15.06166839599609;-26.91668701171875;345.9821472167969;352.6473388671875;20;257433.022196125;-0.6322479248046875;-0.3443756103515625;-0.0196685791015625;257433.013162125;-2.229169429362726;-1.941567739026235;-0.4527554948088831;257433.017801125;115.356689453125;122.7297973632812;-463.8827819824219;257426.715431;-3.090612780249921;-0.2189510307871222;-1.346505640176264;0.7632187604904175;1.147340774536133;-0.6691798567771912;-0.1318636834621429;0.07509815692901611;0.1709253191947937;2;0.1011860221624374;-0.6174211502075195;0.7751286625862122;-0.08790963888168335;-0.04830983281135559;0.9749521017074585;-0.2171050310134888;24.61177825927734;14.05433654785156;-13.65921020507812;2;257429.57296575;3;2;1543855291.184901;257430.366614;0;2.174683;88.91328;0;180294791;1;1;0.2;-0.09999937;-5.753998;0
1543855294.65601;125387;0;0;1543855294.001894;4.449865636248468;-75.19944767631372;1147.865;0.09338965;200.3514279052233;3.162277698516846;6.000906205260658;-9999;1543855294.650694;-8.030899047851562;15.06166839599609;-26.91668701171875;345.9821472167969;352.6473388671875;20;257433.032205125;-0.783111572265625;-0.318450927734375;0.0337066650390625;257433.023172125;-3.027941188806226;-0.4182209533732805;-0.7457207915807937;257433.017801125;115.356689453125;122.7297973632812;-463.8827819824219;257426.715431;-3.090612780249921;-0.2189510307871222;-1.346505640176264;0.7632187604904175;1.147340774536133;-0.6691798567771912;-0.1318636834621429;0.07509815692901611;0.1709253191947937;2;0.1011860221624374;-0.6174211502075195;0.7751286625862122;-0.08790963888168335;-0.04830983281135559;0.9749521017074585;-0.2171050310134888;24.61177825927734;14.05433654785156;-13.65921020507812;2;257429.57296575;3;2;1543855291.184901;257430.366614;0;2.174683;88.91328;0;180294791;1;1;0.2;-0.09999937;-5.753998;0
1543855294.658311;125388;0;0;1543855294.001894;4.449865636248468;-75.19944767631372;1147.865;0.09338965;200.3514279052233;3.162277698516846;6.000906205260658;-9999;1543855294.650694;-8.030899047851562;15.06166839599609;-26.91668701171875;345.9821472167969;352.6473388671875;20;257433.042246125;-0.9785919189453125;-0.329803466796875;0.0261077880859375;257433.033182125;-3.71274137150313;1.127033261722775;-0.9125097769624944;257433.037210125;115.5066223144531;122.8060302734375;-463.9575500488281;257426.715431;-3.090612780249921;-0.2189510307871222;-1.346505640176264;0.7632187604904175;1.147340774536133;-0.6691798567771912;-0.1318636834621429;0.07509815692901611;0.1709253191947937;2;0.1011860221624374;-0.6174211502075195;0.7751286625862122;-0.08790963888168335;-0.04830983281135559;0.9749521017074585;-0.2171050310134888;24.61177825927734;14.05433654785156;-13.65921020507812;2;257429.57296575;3;2;1543855291.184901;257430.366614;0;2.174683;88.91328;0;180294791;1;1;0.2;-0.09999937;-6.309794;0
1543855294.663796;125389;0;0;1543855294.001894;4.449865636248468;-75.19944767631372;1147.865;0.09338965;200.3514279052233;3.162277698516846;6.000906205260658;-9999;1543855294.650694;-8.030899047851562;15.06166839599609;-26.91668701171875;345.9821472167969;352.6473388671875;20;257433.052255125;-1.139083862304688;-0.3485565185546875;-0.00677490234375;257433.043222125;-4.29252219345774;2.212767819157255;-1.098206140819321;257433.037210125;115.5066223144531;122.8060302734375;-463.9575500488281;257426.715431;-3.090612780249921;-0.2189510307871222;-1.346505640176264;0.7632187604904175;1.147340774536133;-0.6691798567771912;-0.1318636834621429;0.07509815692901611;0.1709253191947937;2;0.1011860221624374;-0.6174211502075195;0.7751286625862122;-0.08790963888168335;-0.04830983281135559;0.9749521017074585;-0.2171050310134888;24.61177825927734;14.05433654785156;-13.65921020507812;2;257429.57296575;3;2;1543855291.184901;257430.366614;0;2.174683;88.91328;0;180294791;1;1;0.2;-0.09999937;-6.309794;0
1543855294.6739;125390;0;0;1543855294.001894;4.449865636248468;-75.19944767631372;1147.865;0.09338965;200.3514279052233;3.162277698516846;6.000906205260658;-9999;1543855294.650694;-8.030899047851562;15.06166839599609;-26.91668701171875;345.9821472167969;352.6473388671875;20;257433.062265125;-1.229263305664062;-0.355010986328125;0.0311431884765625;257433.053232125;-4.726742886027999;3.131055590420786;-1.343256375890745;257433.056619125;116.3310546875;122.8881683349609;-465.0103454589844;257426.715431;-3.090612780249921;-0.2189510307871222;-1.346505640176264;0.7632187604904175;1.147340774536133;-0.6691798567771912;-0.1318636834621429;0.07509815692901611;0.1709253191947937;2;0.1011860221624374;-0.6174211502075195;0.7751286625862122;-0.08790963888168335;-0.04830983281135559;0.9749521017074585;-0.2171050310134888;24.61177825927734;14.05433654785156;-13.65921020507812;2;257429.57296575;3;2;1543855291.184901;257430.366614;0;2.174683;88.91328;0;180294791;1;1;0.2;-0.09999937;-6.309794;0
1543855294.68393;125391;0;0;1543855294.001894;4.449865636248468;-75.19944767631372;1147.865;0.09338965;200.3514279052233;3.162277698516846;6.000906205260658;-9999;1543855294.674185;-7.314521789550781;15.17256164550781;-27.77529907226562;350.2183227539062;356.8835144042969;20;257433.072306125;-1.119918823242188;-0.3122711181640625;0.07830810546875;257433.063242125;-4.911134300950687;3.828331351244166;-1.556545751801883;257433.056619125;116.3310546875;122.8881683349609;-465.0103454589844;257426.715431;-3.090612780249921;-0.2189510307871222;-1.346505640176264;0.7632187604904175;1.147340774536133;-0.6691798567771912;-0.1318636834621429;0.07509815692901611;0.1709253191947937;2;0.1011860221624374;-0.6174211502075195;0.7751286625862122;-0.08790963888168335;-0.04830983281135559;0.9749521017074585;-0.2171050310134888;24.61177825927734;14.05433654785156;-13.65921020507812;2;257429.57296575;3;2;1543855291.184901;257430.366614;0;2.174683;88.91328;0;180294791;1;1;0.2;-0.09999937;-7.333102;0
1543855294.693815;125392;0;0;1543855294.001894;4.449865636248468;-75.19944767631372;1147.865;0.09338965;200.3514279052233;3.162277698516846;6.000906205260658;-9999;1543855294.674185;-7.314521789550781;15.17256164550781;-27.77529907226562;350.2183227539062;356.8835144042969;20;257433.082315125;-0.8170318603515625;-0.24810791015625;0.1281280517578125;257433.073282125;-4.784434944722386;4.015038384734678;-1.753424196443734;257433.076029125;116.929931640625;122.669189453125;-467.4905395507812;257426.715431;-3.090612780249921;-0.2189510307871222;-1.346505640176264;0.7632187604904175;1.147340774536133;-0.6691798567771912;-0.1318636834621429;0.07509815692901611;0.1709253191947937;2;0.1011860221624374;-0.6174211502075195;0.7751286625862122;-0.08790963888168335;-0.04830983281135559;0.9749521017074585;-0.2171050310134888;24.61177825927734;14.05433654785156;-13.65921020507812;2;257429.57296575;3;2;1543855291.184901;257430.366614;0;2.174683;88.91328;0;180294791;1;1;0.2;-0.09999937;-7.333102;0
1543855294.703806;125393;0;0;1543855294.001894;4.449865636248468;-75.19944767631372;1147.865;0.09338965;200.3514279052233;3.162277698516846;6.000906205260658;-9999;1543855294.700255;-6.690834045410156;15.01093292236328;-30.04751586914062;355.8885192871094;2.553730726242065;20;257433.092325125;-0.4238433837890625;-0.1472930908203125;0.2741546630859375;257433.083292125;-4.372059629941829;3.926990550671133;-1.697600611570147;257433.076029125;116.929931640625;122.669189453125;-467.4905395507812;257426.715431;-3.090612780249921;-0.2189510307871222;-1.346505640176264;0.7632187604904175;1.147340774536133;-0.6691798567771912;-0.1318636834621429;0.07509815692901611;0.1709253191947937;2;0.1011860221624374;-0.6174211502075195;0.7751286625862122;-0.08790963888168335;-0.04830983281135559;0.9749521017074585;-0.2171050310134888;24.61177825927734;14.05433654785156;-13.65921020507812;2;257429.57296575;3;2;1543855291.184901;257430.366614;0;2.174683;88.91328;0;180294791;1;1;0.2;-0.09999937;-7.333102;0
1543855294.732115;125394;0;0;1543855294.001894;4.449865636248468;-75.19944767631372;1147.865;0.09338965;200.3514279052233;3.162277698516846;6.000906205260658;-9999;1543855294.72432;-6.181594848632812;14.81856536865234;-31.66744995117188;1.078078746795654;7.743283271789551;20;257433.102365125;0.0264129638671875;0.13897705078125;0.4924468994140625;257433.093302125;-3.721004627733428;3.852034550210307;-1.416375061515524;257433.095438125;117.3792724609375;122.5234985351562;-468.9192504882812;257426.715431;-3.090612780249921;-0.2189510307871222;-1.346505640176264;0.7632187604904175;1.147340774536133;-0.6691798567771912;-0.1318636834621429;0.07509815692901611;0.1709253191947937;2;0.1011860221624374;-0.6174211502075195;0.7751286625862122;-0.08790963888168335;-0.04830983281135559;0.9749521017074585;-0.2171050310134888;24.61177825927734;14.05433654785156;-13.65921020507812;2;257429.57296575;3;2;1543855291.184901;257430.366614;0;2.174683;88.91328;0;180294791;1;1;0.2;-0.09999937;-9.047365;0
1543855294.735425;125395;0;0;1543855294.001894;4.449865636248468;-75.19944767631372;1147.865;0.09338965;200.3514279052233;3.162277698516846;6.000906205260658;-9999;1543855294.72432;-6.181594848632812;14.81856536865234;-31.66744995117188;1.078078746795654;7.743283271789551;20;257433.112375125;0.4033660888671875;0.5647125244140625;0.54486083984375;257433.103342125;-2.881013526202118;3.659007835453037;-1.024791844313543;257433.095438125;117.3792724609375;122.5234985351562;-468.9192504882812;257426.715431;-3.090612780249921;-0.2189510307871222;-1.346505640176264;0.7632187604904175;1.147340774536133;-0.6691798567771912;-0.1318636834621429;0.07509815692901611;0.1709253191947937;2;0.1011860221624374;-0.6174211502075195;0.7751286625862122;-0.08790963888168335;-0.04830983281135559;0.9749521017074585;-0.2171050310134888;24.61177825927734;14.05433654785156;-13.65921020507812;2;257429.57296575;3;2;1543855291.184901;257430.366614;0;2.174683;88.91328;0;180294791;1;1;0.2;-0.09999937;-9.047365;0
1543855294.738477;125396;0;0;1543855294.001894;4.449865636248468;-75.19944767631372;1147.865;0.09338965;200.3514279052233;3.162277698516846;6.000906205260658;-9999;1543855294.72432;-6.181594848632812;14.81856536865234;-31.66744995117188;1.078078746795654;7.743283271789551;20;257433.122385125;0.59881591796875;1.065963745117188;0.2334747314453125;257433.123361125;-0.8993612180285551;2.768785787337307;-0.02324566789086564;257433.114817125;117.9033050537109;122.9034881591797;-470.4922180175781;257426.715431;-3.090612780249921;-0.2189510307871222;-1.346505640176264;0.7632187604904175;1.147340774536133;-0.6691798567771912;-0.1318636834621429;0.07509815692901611;0.1709253191947937;2;0.1011860221624374;-0.6174211502075195;0.7751286625862122;-0.08790963888168335;-0.04830983281135559;0.9749521017074585;-0.2171050310134888;24.61177825927734;14.05433654785156;-13.65921020507812;2;257429.57296575;3;2;1543855291.184901;257430.366614;0;2.174683;88.91328;0;180294791;1;1;0.2;-0.09999937;-9.047365;0
1543855294.744177;125397;0;0;1543855294.001894;4.449865636248468;-75.19944767631372;1147.865;0.09338965;200.3514279052233;3.162277698516846;6.000906205260658;-9999;1543855294.72432;-6.181594848632812;14.81856536865234;-31.66744995117188;1.078078746795654;7.743283271789551;20;257433.132425125;0.73681640625;1.643692016601562;-0.45245361328125;257433.133402125;0.07710091040277502;2.493799224768412;0.3108702614127314;257433.114817125;117.9033050537109;122.9034881591797;-470.4922180175781;257426.715431;-3.090612780249921;-0.2189510307871222;-1.346505640176264;0.7632187604904175;1.147340774536133;-0.6691798567771912;-0.1318636834621429;0.07509815692901611;0.1709253191947937;2;0.1011860221624374;-0.6174211502075195;0.7751286625862122;-0.08790963888168335;-0.04830983281135559;0.9749521017074585;-0.2171050310134888;24.61177825927734;14.05433654785156;-13.65921020507812;2;257429.57296575;3;2;1543855291.184901;257430.366614;0;2.174683;88.91328;0;180294791;1;1;0.2;-0.09999937;-9.047365;0
1543855294.754021;125398;0;0;1543855294.001894;4.449865636248468;-75.19944767631372;1147.865;0.09338965;200.3514279052233;3.162277698516846;6.000906205260658;-9999;1543855294.750359;-5.316917419433594;15.58516693115234;-34.06405639648438;5.107108592987061;11.77231311798096;20;257433.142435125;0.8744049072265625;1.936447143554688;-0.9802398681640625;257433.133402125;0.07710091040277502;2.493799224768412;0.3108702614127314;257433.134226125;118.2777404785156;123.3567962646484;-471.1636962890625;257426.715431;-3.090612780249921;-0.2189510307871222;-1.346505640176264;0.7632187604904175;1.147340774536133;-0.6691798567771912;-0.1318636834621429;0.07509815692901611;0.1709253191947937;2;0.1011860221624374;-0.6174211502075195;0.7751286625862122;-0.08790963888168335;-0.04830983281135559;0.9749521017074585;-0.2171050310134888;24.61177825927734;14.05433654785156;-13.65921020507812;2;257429.57296575;3;2;1543855291.184901;257430.366614;0;2.174683;88.91328;0;180294791;1;1;0.2;-0.09999937;-9.439557;0
1543855294.763958;125399;0;0;1543855294.001894;4.449865636248468;-75.19944767631372;1147.865;0.09338965;200.3514279052233;3.162277698516846;6.000906205260658;-9999;1543855294.750359;-5.316917419433594;15.58516693115234;-34.06405639648438;5.107108592987061;11.77231311798096;20;257433.152445125;1.030807495117188;1.626724243164062;-0.842559814453125;257433.143411125;0.4436392280814328;2.881511803642072;0.5529569308231144;257433.134226125;118.2777404785156;123.3567962646484;-471.1636962890625;257426.715431;-3.090612780249921;-0.2189510307871222;-1.346505640176264;0.7632187604904175;1.147340774536133;-0.6691798567771912;-0.1318636834621429;0.07509815692901611;0.1709253191947937;2;0.1011860221624374;-0.6174211502075195;0.7751286625862122;-0.08790963888168335;-0.04830983281135559;0.9749521017074585;-0.2171050310134888;24.61177825927734;14.05433654785156;-13.65921020507812;2;257429.57296575;3;2;1543855291.184901;257430.366614;0;2.174683;88.91328;0;180294791;1;1;0.2;-0.09999937;-9.439557;0
1543855294.774032;125400;0;0;1543855294.001894;4.449865636248468;-75.19944767631372;1147.865;0.09338965;200.3514279052233;3.162277698516846;6.000906205260658;-9999;1543855294.750359;-5.316917419433594;15.58516693115234;-34.06405639648438;5.107108592987061;11.77231311798096;20;257433.162485125;0.981597900390625;1.060562133789062;-0.281036376953125;257433.153421125;0.2194801601811363;3.585852664521323;0.4858292923865771;257433.153635125;119.5516204833984;123.5180511474609;-473.2676086425781;257426.715431;-3.090612780249921;-0.2189510307871222;-1.346505640176264;0.7632187604904175;1.147340774536133;-0.6691798567771912;-0.1318636834621429;0.07509815692901611;0.1709253191947937;2;0.1011860221624374;-0.6174211502075195;0.7751286625862122;-0.08790963888168335;-0.04830983281135559;0.9749521017074585;-0.2171050310134888;24.61177825927734;14.05433654785156;-13.65921020507812;2;257429.57296575;3;2;1543855291.184901;257430.366614;0;2.174683;88.91328;0;180294791;1;1;0.2;-0.09999937;-10.4241;0
1543855294.783943;125401;0;0;1543855294.001894;4.449865636248468;-75.19944767631372;1147.865;0.09338965;200.3514279052233;3.162277698516846;6.000906205260658;-9999;1543855294.774418;-4.134933471679688;15.80902862548828;-35.8050537109375;10.04664993286133;16.71185493469238;20;257433.172495125;0.58856201171875;0.5687408447265625;0.4535675048828125;257433.163462125;-0.1346006888664578;3.638576063569949;0.2249215309203862;257433.173014125;119.8508148193359;124.0459747314453;-474.3128356933594;257426.715431;-3.090612780249921;-0.2189510307871222;-1.346505640176264;0.7632187604904175;1.147340774536133;-0.6691798567771912;-0.1318636834621429;0.07509815692901611;0.1709253191947937;2;0.1011860221624374;-0.6174211502075195;0.7751286625862122;-0.08790963888168335;-0.04830983281135559;0.9749521017074585;-0.2171050310134888;24.61177825927734;14.05433654785156;-13.65921020507812;2;257429.57296575;3;2;1543855291.184901;257430.366614;0;2.174683;88.91328;0;180294791;1;1;0.2;-0.09999937;-10.4241;0
1543855294.814171;125402;0;0;1543855294.001894;4.449865636248468;-75.19944767631372;1147.865;0.09338965;200.3514279052233;3.162277698516846;6.000906205260658;-9999;1543855294.801804;-3.68792724609375;16.23667144775391;-37.09109497070312;14.39934158325195;21.06454658508301;20;257433.182504125;0.1335296630859375;0.4521026611328125;1.053070068359375;257433.173471125;-0.0984693160412438;3.349897124572521;-0.2651080991374639;257433.173014125;119.8508148193359;124.0459747314453;-474.3128356933594;257426.715431;-3.090612780249921;-0.2189510307871222;-1.346505640176264;0.7632187604904175;1.147340774536133;-0.6691798567771912;-0.1318636834621429;0.07509815692901611;0.1709253191947937;2;0.1011860221624374;-0.6174211502075195;0.7751286625862122;-0.08790963888168335;-0.04830983281135559;0.9749521017074585;-0.2171050310134888;24.61177825927734;14.05433654785156;-13.65921020507812;2;257429.57296575;3;2;1543855291.184901;257430.366614;0;2.174683;88.91328;0;180294791;1;1;0.2;-0.09999937;-11.22538;0
1543855294.818006;125403;0;0;1543855294.001894;4.449865636248468;-75.19944767631372;1147.865;0.09338965;200.3514279052233;3.162277698516846;6.000906205260658;-9999;1543855294.801804;-3.68792724609375;16.23667144775391;-37.09109497070312;14.39934158325195;21.06454658508301;20;257433.192545125;-0.321197509765625;0.855560302734375;0.961883544921875;257433.183481125;-0.1235693429991316;2.363271041840903;-1.026862185744971;257433.192392125;119.7004089355469;123.5953979492188;-475.5923461914062;257426.715431;-3.090612780249921;-0.2189510307871222;-1.346505640176264;0.7632187604904175;1.147340774536133;-0.6691798567771912;-0.1318636834621429;0.07509815692901611;0.1709253191947937;2;0.1011860221624374;-0.6174211502075195;0.7751286625862122;-0.08790963888168335;-0.04830983281135559;0.9749521017074585;-0.2171050310134888;24.61177825927734;14.05433654785156;-13.65921020507812;2;257429.57296575;3;2;1543855291.184901;257430.366614;0;2.174683;88.91328;0;180294791;1;1;0.2;-0.09999937;-11.22538;0
1543855294.820833;125404;0;0;1543855294.001894;4.449865636248468;-75.19944767631372;1147.865;0.09338965;200.3514279052233;3.162277698516846;6.000906205260658;-9999;1543855294.801804;-3.68792724609375;16.23667144775391;-37.09109497070312;14.39934158325195;21.06454658508301;20;257433.202555125;-1.179733276367188;1.292724609375;-0.4759521484375;257433.193521125;-0.7760004005427766;0.2406048865798628;-1.551144328478984;257433.192392125;119.7004089355469;123.5953979492188;-475.5923461914062;257426.715431;-3.090612780249921;-0.2189510307871222;-1.346505640176264;0.7632187604904175;1.147340774536133;-0.6691798567771912;-0.1318636834621429;0.07509815692901611;0.1709253191947937;2;0.1011860221624374;-0.6174211502075195;0.7751286625862122;-0.08790963888168335;-0.04830983281135559;0.9749521017074585;-0.2171050310134888;24.61177825927734;14.05433654785156;-13.65921020507812;2;257429.57296575;3;2;1543855291.184901;257430.366614;0;2.174683;88.91328;0;180294791;1;1;0.2;-0.09999937;-11.35584;0
1543855294.824438;125405;0;0;1543855294.001894;4.449865636248468;-75.19944767631372;1147.865;0.09338965;200.3514279052233;3.162277698516846;6.000906205260658;-9999;1543855294.801804;-3.68792724609375;16.23667144775391;-37.09109497070312;14.39934158325195;21.06454658508301;20;257433.212564125;-1.67767333984375;1.579055786132812;-1.657638549804688;257433.203531125;-2.33914440026144;-3.559597624598668;-1.210014698128554;257433.211771125;118.8009643554688;123.4377288818359;-474.6151428222656;257426.715431;-3.090612780249921;-0.2189510307871222;-1.346505640176264;0.7632187604904175;1.147340774536133;-0.6691798567771912;-0.1318636834621429;0.07509815692901611;0.1709253191947937;2;0.1011860221624374;-0.6174211502075195;0.7751286625862122;-0.08790963888168335;-0.04830983281135559;0.9749521017074585;-0.2171050310134888;24.61177825927734;14.05433654785156;-13.65921020507812;2;257429.57296575;3;2;1543855291.184901;257430.366614;0;2.174683;88.91328;0;180294791;1;1;0.2;-0.09999937;-11.35584;0
1543855294.834917;125406;0;0;1543855294.001894;4.449865636248468;-75.19944767631372;1147.865;0.09338965;200.3514279052233;3.162277698516846;6.000906205260658;-9999;1543855294.824613;-4.5589599609375;15.70748138427734;-37.94204711914062;12.30366325378418;18.96886825561523;20;257433.222605125;-0.604278564453125;1.609222412109375;0.222747802734375;257433.213541125;-2.118198968848542;1.15647211072862;-0.3928652629507451;257433.211771125;118.8009643554688;123.4377288818359;-474.6151428222656;257426.715431;-3.090612780249921;-0.2189510307871222;-1.346505640176264;0.7632187604904175;1.147340774536133;-0.6691798567771912;-0.1318636834621429;0.07509815692901611;0.1709253191947937;2;0.1011860221624374;-0.6174211502075195;0.7751286625862122;-0.08790963888168335;-0.04830983281135559;0.9749521017074585;-0.2171050310134888;24.61177825927734;14.05433654785156;-13.65921020507812;2;257429.57296575;3;2;1543855291.184901;257430.366614;0;2.174683;88.91328;0;180294791;1;1;0.2;-0.09999937;-11.35584;0
1543855294.844268;125407;0;0;1543855294.001894;4.449865636248468;-75.19944767631372;1147.865;0.09338965;200.3514279052233;3.162277698516846;6.000906205260658;-9999;1543855294.824613;-4.5589599609375;15.70748138427734;-37.94204711914062;12.30366325378418;18.96886825561523;20;257433.232614125;-0.009796142578125;1.388397216796875;0.55914306640625;257433.223581125;-1.375052388777419;4.887544552646983;-0.400388693030219;257433.231119125;119.7005462646484;123.4453277587891;-475.444091796875;257426.715431;-3.090612780249921;-0.2189510307871222;-1.346505640176264;0.7632187604904175;1.147340774536133;-0.6691798567771912;-0.1318636834621429;0.07509815692901611;0.1709253191947937;2;0.1011860221624374;-0.6174211502075195;0.7751286625862122;-0.08790963888168335;-0.04830983281135559;0.9749521017074585;-0.2171050310134888;24.61177825927734;14.05433654785156;-13.65921020507812;2;257429.57296575;3;2;1543855291.184901;257430.366614;0;2.174683;88.91328;0;180294791;1;1;0.2;-0.09999937;-12.1403;0
1543855294.854128;125408;0;0;1543855294.001894;4.449865636248468;-75.19944767631372;1147.865;0.09338965;200.3514279052233;3.162277698516846;6.000906205260658;-9999;1543855294.850595;-3.952041625976562;15.78261566162109;-38.30218505859375;18.16084861755371;24.82605361938477;20;257433.242624125;-0.0140838623046875;1.119720458984375;0.3703155517578125;257433.233591125;-1.198477351654113;4.730939495273746;-0.6795257921580022;257433.231119125;119.7005462646484;123.4453277587891;-475.444091796875;257426.715431;-3.090612780249921;-0.2189510307871222;-1.346505640176264;0.7632187604904175;1.147340774536133;-0.6691798567771912;-0.1318636834621429;0.07509815692901611;0.1709253191947937;2;0.1011860221624374;-0.6174211502075195;0.7751286625862122;-0.08790963888168335;-0.04830983281135559;0.9749521017074585;-0.2171050310134888;24.61177825927734;14.05433654785156;-13.65921020507812;2;257429.57296575;3;2;1543855291.184901;257430.366614;0;2.174683;88.91328;0;180294791;1;1;0.2;-0.09999937;-12.1403;0
1543855294.864146;125409;0;0;1543855294.001894;4.449865636248468;-75.19944767631372;1147.865;0.09338965;200.3514279052233;3.162277698516846;6.000906205260658;-9999;1543855294.850595;-3.952041625976562;15.78261566162109;-38.30218505859375;18.16084861755371;24.82605361938477;20;257433.252664125;-0.17449951171875;0.88970947265625;0.3249969482421875;257433.243601125;-1.622262713809005;3.302708839533516;-0.8378033146958095;257433.250498125;120.4501800537109;123.3767395019531;-476.2732543945312;257426.715431;-3.090612780249921;-0.2189510307871222;-1.346505640176264;0.7632187604904175;1.147340774536133;-0.6691798567771912;-0.1318636834621429;0.07509815692901611;0.1709253191947937;2;0.1011860221624374;-0.6174211502075195;0.7751286625862122;-0.08790963888168335;-0.04830983281135559;0.9749521017074585;-0.2171050310134888;24.61177825927734;14.05433654785156;-13.65921020507812;2;257429.57296575;3;2;1543855291.184901;257430.366614;0;2.174683;88.91328;0;180294791;1;1;0.2;-0.09999937;-12.1403;0
1543855294.894881;125410;0;0;1543855294.001894;4.449865636248468;-75.19944767631372;1147.865;0.09338965;200.3514279052233;3.162277698516846;6.000906205260658;-9999;1543855294.874642;-3.183464050292969;15.69541931152344;-39.18548583984375;21.33819198608398;28.00339698791504;20;257433.262674125;-0.1111602783203125;0.7662506103515625;0.599151611328125;257433.253641125;-1.842896555374363;1.969343443931326;-1.11422185898284;257433.250498125;120.4501800537109;123.3767395019531;-476.2732543945312;257426.715431;-3.090612780249921;-0.2189510307871222;-1.346505640176264;0.7632187604904175;1.147340774536133;-0.6691798567771912;-0.1318636834621429;0.07509815692901611;0.1709253191947937;2;0.1011860221624374;-0.6174211502075195;0.7751286625862122;-0.08790963888168335;-0.04830983281135559;0.9749521017074585;-0.2171050310134888;24.61177825927734;14.05433654785156;-13.65921020507812;2;257429.57296575;3;2;1543855291.184901;257430.366614;0;2.174683;88.91328;0;180294791;1;1;0.2;-0.09999937;-6.401281;0
1543855294.897973;125411;0;0;1543855294.001894;4.449865636248468;-75.19944767631372;1147.865;0.09338965;200.3514279052233;3.162277698516846;6.000906205260658;-9999;1543855294.874642;-3.183464050292969;15.69541931152344;-39.18548583984375;21.33819198608398;28.00339698791504;20;257433.272684125;-0.01654052734375;0.8678436279296875;0.6988372802734375;257433.263651125;-1.945865015761187;1.182207567922601;-1.530411619392717;257433.269846125;120.7502593994141;123.6039581298828;-475.8970031738281;257426.715431;-3.090612780249921;-0.2189510307871222;-1.346505640176264;0.7632187604904175;1.147340774536133;-0.6691798567771912;-0.1318636834621429;0.07509815692901611;0.1709253191947937;2;0.1011860221624374;-0.6174211502075195;0.7751286625862122;-0.08790963888168335;-0.04830983281135559;0.9749521017074585;-0.2171050310134888;24.61177825927734;14.05433654785156;-13.65921020507812;2;257429.57296575;3;2;1543855291.184901;257430.366614;0;2.174683;88.91328;0;180294791;1;1;0.2;-0.09999937;-6.401281;0
1543855294.901129;125412;0;0;1543855294.001894;4.449865636248468;-75.19944767631372;1147.865;0.09338965;200.3514279052233;3.162277698516846;6.000906205260658;-9999;1543855294.874642;-3.183464050292969;15.69541931152344;-39.18548583984375;21.33819198608398;28.00339698791504;20;257433.282724125;0.137298583984375;1.071060180664062;0.4686279296875;257433.273661125;-2.176972803577718;0.8730369359175578;-1.949060542753173;257433.269846125;120.7502593994141;123.6039581298828;-475.8970031738281;257426.715431;-3.090612780249921;-0.2189510307871222;-1.346505640176264;0.7632187604904175;1.147340774536133;-0.6691798567771912;-0.1318636834621429;0.07509815692901611;0.1709253191947937;2;0.1011860221624374;-0.6174211502075195;0.7751286625862122;-0.08790963888168335;-0.04830983281135559;0.9749521017074585;-0.2171050310134888;24.61177825927734;14.05433654785156;-13.65921020507812;2;257429.57296575;3;2;1543855291.184901;257430.366614;0;2.174683;88.91328;0;180294791;1;1;0.2;-0.09999937;-6.401281;0
1543855294.904919;125413;0;0;1543855294.001894;4.449865636248468;-75.19944767631372;1147.865;0.09338965;200.3514279052233;3.162277698516846;6.000906205260658;-9999;1543855294.902206;-2.995468139648438;15.7408447265625;-38.11056518554688;22.48340225219727;29.14860725402832;20;257433.292734125;0.2978515625;1.62353515625;0.12890625;257433.283701125;-2.69491742186567;0.9890082803266934;-2.195662335475677;257433.289224125;120.4508972167969;123.4510040283203;-474.7723999023438;257426.715431;-3.090612780249921;-0.2189510307871222;-1.346505640176264;0.7632187604904175;1.147340774536133;-0.6691798567771912;-0.1318636834621429;0.07509815692901611;0.1709253191947937;2;0.1011860221624374;-0.6174211502075195;0.7751286625862122;-0.08790963888168335;-0.04830983281135559;0.9749521017074585;-0.2171050310134888;24.61177825927734;14.05433654785156;-13.65921020507812;2;257429.57296575;3;2;1543855291.184901;257430.366614;0;2.174683;88.91328;0;180294791;1;1;0.2;-0.09999937;-6.401281;0
1543855294.914267;125414;0;0;1543855294.001894;4.449865636248468;-75.19944767631372;1147.865;0.09338965;200.3514279052233;3.162277698516846;6.000906205260658;-9999;1543855294.902206;-2.995468139648438;15.7408447265625;-38.11056518554688;22.48340225219727;29.14860725402832;20;257433.302744125;0.4423828125;2.163986206054688;0.0328369140625;257433.293711125;-3.359524984545375;1.011954342594925;-2.108849142893491;257433.289224125;120.4508972167969;123.4510040283203;-474.7723999023438;257426.715431;-3.090612780249921;-0.2189510307871222;-1.346505640176264;0.7632187604904175;1.147340774536133;-0.6691798567771912;-0.1318636834621429;0.07509815692901611;0.1709253191947937;2;0.1011860221624374;-0.6174211502075195;0.7751286625862122;-0.08790963888168335;-0.04830983281135559;0.9749521017074585;-0.2171050310134888;24.61177825927734;14.05433654785156;-13.65921020507812;2;257429.57296575;3;2;1543855291.184901;257430.366614;0;2.174683;88.91328;0;180294791;1;1;0.2;-0.09999937;-7.368956;0
1543855294.924538;125415;0;0;1543855294.001894;4.449865636248468;-75.19944767631372;1147.865;0.09338965;200.3514279052233;3.162277698516846;6.000906205260658;-9999;1543855294.902206;-2.995468139648438;15.7408447265625;-38.11056518554688;22.48340225219727;29.14860725402832;20;257433.312784125;0.563262939453125;2.365753173828125;0.261077880859375;257433.303720125;-3.63405801078063;0.6899065277710221;-1.916704200773147;257433.308603125;120.0020141601562;123.521240234375;-472.444580078125;257426.715431;-3.090612780249921;-0.2189510307871222;-1.346505640176264;0.7632187604904175;1.147340774536133;-0.6691798567771912;-0.1318636834621429;0.07509815692901611;0.1709253191947937;2;0.1011860221624374;-0.6174211502075195;0.7751286625862122;-0.08790963888168335;-0.04830983281135559;0.9749521017074585;-0.2171050310134888;24.61177825927734;14.05433654785156;-13.65921020507812;2;257429.57296575;3;2;1543855291.184901;257430.366614;0;2.174683;88.91328;0;180294791;1;1;0.2;-0.09999937;-7.368956;0
1543855294.934799;125416;0;0;1543855294.001894;4.449865636248468;-75.19944767631372;1147.865;0.09338965;200.3514279052233;3.162277698516846;6.000906205260658;-9999;1543855294.925001;-3.365211486816406;15.74981689453125;-35.88201904296875;23.4798412322998;30.14504623413086;20;257433.322794125;0.7651824951171875;2.430831909179688;0.3712158203125;257433.313761125;-3.495943280855812;0.5223183277461888;-1.762386266144069;257433.308603125;120.0020141601562;123.521240234375;-472.444580078125;257426.715431;-3.090612780249921;-0.2189510307871222;-1.346505640176264;0.7632187604904175;1.147340774536133;-0.6691798567771912;-0.1318636834621429;0.07509815692901611;0.1709253191947937;2;0.1011860221624374;-0.6174211502075195;0.7751286625862122;-0.08790963888168335;-0.04830983281135559;0.9749521017074585;-0.2171050310134888;24.61177825927734;14.05433654785156;-13.65921020507812;2;257429.57296575;3;2;1543855291.184901;257430.366614;0;2.174683;88.91328;0;180294791;1;1;0.2;-0.09999937;-7.368956;0
1543855294.944785;125417;0;0;1543855294.001894;4.449865636248468;-75.19944767631372;1147.865;0.09338965;200.3514279052233;3.162277698516846;6.000906205260658;-9999;1543855294.925001;-3.365211486816406;15.74981689453125;-35.88201904296875;23.4798412322998;30.14504623413086;20;257433.332804125;1.047378540039062;2.4088134765625;0.1529388427734375;257433.323770125;-3.325861563102338;0.8709367670819214;-1.721054538658257;257433.327951125;119.8529052734375;123.3692169189453;-470.795654296875;257426.715431;-3.090612780249921;-0.2189510307871222;-1.346505640176264;0.7632187604904175;1.147340774536133;-0.6691798567771912;-0.1318636834621429;0.07509815692901611;0.1709253191947937;2;0.1011860221624374;-0.6174211502075195;0.7751286625862122;-0.08790963888168335;-0.04830983281135559;0.9749521017074585;-0.2171050310134888;24.61177825927734;14.05433654785156;-13.65921020507812;2;257429.57296575;3;2;1543855291.184901;257430.366614;0;2.174683;88.91328;0;180294791;1;1;0.2;-0.09999937;-8.127611;0
1543855294.974988;125418;0;0;1543855294.001894;4.449865636248468;-75.19944767631372;1147.865;0.09338965;200.3514279052233;3.162277698516846;6.000906205260658;-9999;1543855294.951306;-3.63909912109375;15.70156860351562;-34.12353515625;24.98160552978516;31.64681053161621;20;257433.342844125;1.035842895507812;2.364700317382812;-0.365142822265625;257433.333780125;-3.363665134776013;1.311290719642632;-1.722112346243237;257433.327951125;119.8529052734375;123.3692169189453;-470.795654296875;257426.715431;-3.090612780249921;-0.2189510307871222;-1.346505640176264;0.7632187604904175;1.147340774536133;-0.6691798567771912;-0.1318636834621429;0.07509815692901611;0.1709253191947937;2;0.1011860221624374;-0.6174211502075195;0.7751286625862122;-0.08790963888168335;-0.04830983281135559;0.9749521017074585;-0.2171050310134888;24.61177825927734;14.05433654785156;-13.65921020507812;2;257429.57296575;3;2;1543855291.184901;257430.366614;0;2.174683;88.91328;0;180294791;1;1;0.2;-0.09999937;-9.124519;0
1543855294.978144;125419;0;0;1543855294.001894;4.449865636248468;-75.19944767631372;1147.865;0.09338965;200.3514279052233;3.162277698516846;6.000906205260658;-9999;1543855294.975465;-3.592193603515625;16.01199340820312;-33.36529541015625;26.8018627166748;33.46706771850586;20;257433.352872125;0.5679168701171875;2.205856323242188;-0.7210693359375;257433.343820125;-3.33703618703631;1.008236569713175;-1.369191303850372;257433.347330125;119.9280395507812;123.7445220947266;-470.1916809082031;257426.715431;-3.090612780249921;-0.2189510307871222;-1.346505640176264;0.7632187604904175;1.147340774536133;-0.6691798567771912;-0.1318636834621429;0.07509815692901611;0.1709253191947937;2;0.1011860221624374;-0.6174211502075195;0.7751286625862122;-0.08790963888168335;-0.04830983281135559;0.9749521017074585;-0.2171050310134888;24.61177825927734;14.05433654785156;-13.65921020507812;2;257429.57296575;3;2;1543855291.184901;257430.366614;0;2.174683;88.91328;0;180294791;1;1;0.2;-0.09999937;-9.124519;0
1543855294.980119;125420;0;0;1543855294.001894;4.449865636248468;-75.19944767631372;1147.865;0.09338965;200.3514279052233;3.162277698516846;6.000906205260658;-9999;1543855294.975465;-3.592193603515625;16.01199340820312;-33.36529541015625;26.8018627166748;33.46706771850586;20;257433.362881125;0.3075408935546875;2.066436767578125;-0.616363525390625;257433.353848125;-2.599581048530796;0.9744149565013862;-0.8560124123331173;257433.347330125;119.9280395507812;123.7445220947266;-470.1916809082031;257426.715431;-3.090612780249921;-0.2189510307871222;-1.346505640176264;0.7632187604904175;1.147340774536133;-0.6691798567771912;-0.1318636834621429;0.07509815692901611;0.1709253191947937;2;0.1011860221624374;-0.6174211502075195;0.7751286625862122;-0.08790963888168335;-0.04830983281135559;0.9749521017074585;-0.2171050310134888;24.61177825927734;14.05433654785156;-13.65921020507812;2;257429.57296575;3;2;1543855291.184901;257430.366614;0;2.174683;88.91328;0;180294791;1;1;0.2;-0.09999937;-9.124519;0
1543855294.98474;125421;0;0;1543855294.001894;4.449865636248468;-75.19944767631372;1147.865;0.09338965;200.3514279052233;3.162277698516846;6.000906205260658;-9999;1543855294.975465;-3.592193603515625;16.01199340820312;-33.36529541015625;26.8018627166748;33.46706771850586;20;257433.372922125;0.2296295166015625;1.942916870117188;-0.55804443359375;257433.363858125;-1.22754229284291;1.581521941769082;-0.6484578875133559;257433.366727125;120.0777740478516;123.8209533691406;-470.6414489746094;257426.715431;-3.090612780249921;-0.2189510307871222;-1.346505640176264;0.7632187604904175;1.147340774536133;-0.6691798567771912;-0.1318636834621429;0.07509815692901611;0.1709253191947937;2;0.1011860221624374;-0.6174211502075195;0.7751286625862122;-0.08790963888168335;-0.04830983281135559;0.9749521017074585;-0.2171050310134888;24.61177825927734;14.05433654785156;-13.65921020507812;2;257429.57296575;3;2;1543855291.184901;257430.366614;0;2.174683;88.91328;0;180294791;1;1;0.2;-0.09999937;-9.969782;0
1543855294.994318;125422;0;0;1543855294.001894;4.449865636248468;-75.19944767631372;1147.865;0.09338965;200.3514279052233;3.162277698516846;6.000906205260658;-9999;1543855294.975465;-3.592193603515625;16.01199340820312;-33.36529541015625;26.8018627166748;33.46706771850586;20;257433.382931125;0.152252197265625;1.7052001953125;-0.644134521484375;257433.373898125;-0.1072612097479224;1.948071977356536;-0.776715725611572;257433.366727125;120.0777740478516;123.8209533691406;-470.6414489746094;257426.715431;-3.090612780249921;-0.2189510307871222;-1.346505640176264;0.7632187604904175;1.147340774536133;-0.6691798567771912;-0.1318636834621429;0.07509815692901611;0.1709253191947937;2;0.1011860221624374;-0.6174211502075195;0.7751286625862122;-0.08790963888168335;-0.04830983281135559;0.9749521017074585;-0.2171050310134888;24.61177825927734;14.05433654785156;-13.65921020507812;2;257429.57296575;3;2;1543855291.184901;257430.366614;0;2.174683;88.91328;0;180294791;1;1;0.2;-0.09999937;-9.969782;0
1543855295.004523;125423;0;0;1543855294.001894;4.449865636248468;-75.19944767631372;1147.865;0.09338965;200.3514279052233;3.162277698516846;6.000906205260658;-9999;1543855295.000949;-3.232833862304688;15.70201873779297;-34.70071411132812;28.96639823913574;35.6316032409668;20;257433.392972125;0.1047515869140625;1.350357055664062;-0.706695556640625;257433.383908125;0.7302065466505372;1.057250451679429;-0.8818727717822228;257433.386075125;120.3024291992188;123.29833984375;-471.8484802246094;257426.715431;-3.090612780249921;-0.2189510307871222;-1.346505640176264;0.7632187604904175;1.147340774536133;-0.6691798567771912;-0.1318636834621429;0.07509815692901611;0.1709253191947937;2;0.1011860221624374;-0.6174211502075195;0.7751286625862122;-0.08790963888168335;-0.04830983281135559;0.9749521017074585;-0.2171050310134888;24.61177825927734;14.05433654785156;-13.65921020507812;2;257429.57296575;3;2;1543855291.184901;257430.366614;0;2.174683;88.91328;0;180294791;1;1;0.2;-0.09999937;-9.969782;0
1543855295.014507;125424;0;0;1543855294.001894;4.449865636248468;-75.19944767631372;1147.865;0.09338965;200.3514279052233;3.162277698516846;6.000906205260658;-9999;1543855295.000949;-3.232833862304688;15.70201873779297;-34.70071411132812;28.96639823913574;35.6316032409668;20;257433.402981125;0.08477783203125;0.9859771728515625;-0.474884033203125;257433.393948125;1.331090257082935;-0.1664169417774165;-1.190099046864723;257433.386075125;120.3024291992188;123.29833984375;-471.8484802246094;257426.715431;-3.090612780249921;-0.2189510307871222;-1.346505640176264;0.7632187604904175;1.147340774536133;-0.6691798567771912;-0.1318636834621429;0.07509815692901611;0.1709253191947937;2;0.1011860221624374;-0.6174211502075195;0.7751286625862122;-0.08790963888168335;-0.04830983281135559;0.9749521017074585;-0.2171050310134888;24.61177825927734;14.05433654785156;-13.65921020507812;2;257429.57296575;3;2;1543855291.184901;257430.366614;0;2.174683;88.91328;0;180294791;1;1;0.2;-0.09999937;-10.89036;0
1543855295.024508;125425;0;0;1543855294.001894;4.449865636248468;-75.19944767631372;1147.865;0.09338965;200.3514279052233;3.162277698516846;6.000906205260658;-9999;1543855295.000949;-3.232833862304688;15.70201873779297;-34.70071411132812;28.96639823913574;35.6316032409668;20;257433.412991125;0.1422576904296875;0.7056732177734375;-0.2225341796875;257433.403958125;1.507413891799338;-0.2871979551152351;-1.421843596497893;257433.405453125;119.9276580810547;122.4705505371094;-472.2313232421875;257426.715431;-3.090612780249921;-0.2189510307871222;-1.346505640176264;0.7632187604904175;1.147340774536133;-0.6691798567771912;-0.1318636834621429;0.07509815692901611;0.1709253191947937;2;0.1011860221624374;-0.6174211502075195;0.7751286625862122;-0.08790963888168335;-0.04830983281135559;0.9749521017074585;-0.2171050310134888;24.61177825927734;14.05433654785156;-13.65921020507812;2;257429.57296575;3;2;1543855291.184901;257430.366614;0;2.174683;88.91328;0;180294791;1;1;0.2;-0.09999937;-10.89036;0
1543855295.049903;125426;0;0;1543855294.001894;4.449865636248468;-75.19944767631372;1147.865;0.09338965;200.3514279052233;3.162277698516846;6.000906205260658;-9999;1543855295.024973;-3.529075622558594;14.93305206298828;-35.14813232421875;28.55708122253418;35.22228622436523;20;257433.423032125;0.305908203125;0.45159912109375;-0.1990814208984375;257433.413968125;1.243150281043538;0.2923809992287473;-1.604940182498584;257433.405453125;119.9276580810547;122.4705505371094;-472.2313232421875;257426.715431;-3.090612780249921;-0.2189510307871222;-1.346505640176264;0.7632187604904175;1.147340774536133;-0.6691798567771912;-0.1318636834621429;0.07509815692901611;0.1709253191947937;2;0.1011860221624374;-0.6174211502075195;0.7751286625862122;-0.08790963888168335;-0.04830983281135559;0.9749521017074585;-0.2171050310134888;24.61177825927734;14.05433654785156;-13.65921020507812;2;257429.57296575;3;2;1543855291.184901;257430.366614;0;2.174683;88.91328;0;180294791;1;1;0.2;-0.09999937;-11.80868;0
1543855295.053488;125427;0;0;1543855294.001894;4.449865636248468;-75.19944767631372;1147.865;0.09338965;200.3514279052233;3.162277698516846;6.000906205260658;-9999;1543855295.051278;-3.774726867675781;13.84308624267578;-35.43252563476562;29.04257774353027;35.70778274536133;20;257433.433041125;0.5363616943359375;0.181365966796875;-0.2158355712890625;257433.424008125;0.7922251768518664;0.7308936422117775;-1.74932612415832;257433.424832125;119.7030639648438;121.4188690185547;-472.4674072265625;257426.715431;-3.090612780249921;-0.2189510307871222;-1.346505640176264;0.7632187604904175;1.147340774536133;-0.6691798567771912;-0.1318636834621429;0.07509815692901611;0.1709253191947937;2;0.1011860221624374;-0.6174211502075195;0.7751286625862122;-0.08790963888168335;-0.04830983281135559;0.9749521017074585;-0.2171050310134888;24.61177825927734;14.05433654785156;-13.65921020507812;2;257429.57296575;3;2;1543855291.184901;257430.366614;0;2.174683;88.91328;0;180294791;1;1;0.2;-0.09999937;-12.45589;0
1543855295.056286;125428;0;0;1543855294.001894;4.449865636248468;-75.19944767631372;1147.865;0.09338965;200.3514279052233;3.162277698516846;6.000906205260658;-9999;1543855295.051278;-3.774726867675781;13.84308624267578;-35.43252563476562;29.04257774353027;35.70778274536133;20;257433.443051125;0.7826385498046875;-0.0530242919921875;-0.1975555419921875;257433.434018125;0.3888798423794415;0.2883266027852107;-1.751830028215213;257433.424832125;119.7030639648438;121.4188690185547;-472.4674072265625;257426.715431;-3.090612780249921;-0.2189510307871222;-1.346505640176264;0.7632187604904175;1.147340774536133;-0.6691798567771912;-0.1318636834621429;0.07509815692901611;0.1709253191947937;2;0.1011860221624374;-0.6174211502075195;0.7751286625862122;-0.08790963888168335;-0.04830983281135559;0.9749521017074585;-0.2171050310134888;24.61177825927734;14.05433654785156;-13.65921020507812;2;257429.57296575;3;2;1543855291.184901;257430.366614;0;2.174683;88.91328;0;180294791;1;1;0.2;-0.09999937;-12.45589;0
1543855295.064509;125429;0;0;1543855294.001894;4.449865636248468;-75.19944767631372;1147.865;0.09338965;200.3514279052233;3.162277698516846;6.000906205260658;-9999;1543855295.051278;-3.774726867675781;13.84308624267578;-35.43252563476562;29.04257774353027;35.70778274536133;20;257433.453091125;0.9669647216796875;-0.2369232177734375;-0.05181884765625;257433.444028125;0.1331484671240376;-0.8849348744035959;-1.506421864293283;257433.444180125;119.3287658691406;120.590576171875;-471.875244140625;257426.715431;-3.090612780249921;-0.2189510307871222;-1.346505640176264;0.7632187604904175;1.147340774536133;-0.6691798567771912;-0.1318636834621429;0.07509815692901611;0.1709253191947937;2;0.1011860221624374;-0.6174211502075195;0.7751286625862122;-0.08790963888168335;-0.04830983281135559;0.9749521017074585;-0.2171050310134888;24.61177825927734;14.05433654785156;-13.65921020507812;2;257429.57296575;3;2;1543855291.184901;257430.366614;0;2.174683;88.91328;0;180294791;1;1;0.2;-0.09999937;-12.45589;0
1543855295.074568;125430;0;0;1543855294.001894;4.449865636248468;-75.19944767631372;1147.865;0.09338965;200.3514279052233;3.162277698516846;6.000906205260658;-9999;1543855295.051278;-3.774726867675781;13.84308624267578;-35.43252563476562;29.04257774353027;35.70778274536133;20;257433.463101125;0.9768829345703125;-0.358184814453125;0.18963623046875;257433.454068125;-0.1236881199837492;-1.77292785668693;-0.7589833338093883;257433.463559125;118.7300109863281;121.9338684082031;-468.0321044921875;257426.715431;-3.090612780249921;-0.2189510307871222;-1.346505640176264;0.7632187604904175;1.147340774536133;-0.6691798567771912;-0.1318636834621429;0.07509815692901611;0.1709253191947937;2;0.1011860221624374;-0.6174211502075195;0.7751286625862122;-0.08790963888168335;-0.04830983281135559;0.9749521017074585;-0.2171050310134888;24.61177825927734;14.05433654785156;-13.65921020507812;2;257429.57296575;3;2;1543855291.184901;257430.366614;0;2.174683;88.91328;0;180294791;1;1;0.2;-0.09999937;-12.45589;0
1543855295.084633;125431;0;0;1543855294.001894;4.449865636248468;-75.19944767631372;1147.865;0.09338965;200.3514279052233;3.162277698516846;6.000906205260658;-9999;1543855295.074998;-4.606681823730469;13.96192932128906;-31.92239379882812;27.07761192321777;33.74281692504883;20;257433.473111125;1.035659790039062;-0.350921630859375;0.257843017578125;257433.464078125;-0.2506481996827696;-1.706626597136644;0.1576037427820172;257433.463559125;118.7300109863281;121.9338684082031;-468.0321044921875;257426.715431;-3.090612780249921;-0.2189510307871222;-1.346505640176264;0.7632187604904175;1.147340774536133;-0.6691798567771912;-0.1318636834621429;0.07509815692901611;0.1709253191947937;2;0.1011860221624374;-0.6174211502075195;0.7751286625862122;-0.08790963888168335;-0.04830983281135559;0.9749521017074585;-0.2171050310134888;24.61177825927734;14.05433654785156;-13.65921020507812;2;257429.57296575;3;2;1543855291.184901;257430.366614;0;2.174683;88.91328;0;180294791;1;1;0.2;-0.09999937;-13.40522;0
1543855295.09464;125432;0;0;1543855294.001894;4.449865636248468;-75.19944767631372;1147.865;0.09338965;200.3514279052233;3.162277698516846;6.000906205260658;-9999;1543855295.074998;-4.606681823730469;13.96192932128906;-31.92239379882812;27.07761192321777;33.74281692504883;20;257433.483151125;1.157730102539062;-0.2198028564453125;-0.0829620361328125;257433.474087125;-0.09288999355752779;-0.580570981850037;0.8449309990372976;257433.482938125;119.5559387207031;124.9380645751953;-463.2012634277344;257426.715431;-3.090612780249921;-0.2189510307871222;-1.346505640176264;0.7632187604904175;1.147340774536133;-0.6691798567771912;-0.1318636834621429;0.07509815692901611;0.1709253191947937;2;0.1011860221624374;-0.6174211502075195;0.7751286625862122;-0.08790963888168335;-0.04830983281135559;0.9749521017074585;-0.2171050310134888;24.61177825927734;14.05433654785156;-13.65921020507812;2;257429.57296575;3;2;1543855291.184901;257430.366614;0;2.174683;88.91328;0;180294791;1;1;0.2;-0.09999937;-13.40522;0
1543855295.104689;125433;0;0;1543855294.001894;4.449865636248468;-75.19944767631372;1147.865;0.09338965;200.3514279052233;3.162277698516846;6.000906205260658;-9999;1543855295.101207;-4.134712219238281;16.738037109375;-27.0245361328125;26.68208503723145;33.3472900390625;20;257433.493161125;0.8902587890625;0.0536956787109375;-0.64410400390625;257433.484128125;0.07969935667836534;0.7463437049597633;1.234175428169971;257433.482938125;119.5559387207031;124.9380645751953;-463.2012634277344;257426.715431;-3.090612780249921;-0.2189510307871222;-1.346505640176264;0.7632187604904175;1.147340774536133;-0.6691798567771912;-0.1318636834621429;0.07509815692901611;0.1709253191947937;2;0.1011860221624374;-0.6174211502075195;0.7751286625862122;-0.08790963888168335;-0.04830983281135559;0.9749521017074585;-0.2171050310134888;24.61177825927734;14.05433654785156;-13.65921020507812;2;257429.57296575;3;2;1543855291.184901;257430.366614;0;2.174683;88.91328;0;180294791;1;1;0.2;-0.6572783;-14.32988;0
1543855295.133086;125434;0;0;1543855294.001894;4.449865636248468;-75.19944767631372;1147.865;0.09338965;200.3514279052233;3.162277698516846;6.000906205260658;-9999;1543855295.101207;-4.134712219238281;16.738037109375;-27.0245361328125;26.68208503723145;33.3472900390625;20;257433.503171125;0.1854248046875;0.287506103515625;-0.8338470458984375;257433.494137125;0.5689052710110539;0.07287687059780033;1.45763861207743;257433.502286125;119.7057800292969;126.0638427734375;-462.364013671875;257426.715431;-3.090612780249921;-0.2189510307871222;-1.346505640176264;0.7632187604904175;1.147340774536133;-0.6691798567771912;-0.1318636834621429;0.07509815692901611;0.1709253191947937;2;0.1011860221624374;-0.6174211502075195;0.7751286625862122;-0.08790963888168335;-0.04830983281135559;0.9749521017074585;-0.2171050310134888;24.61177825927734;14.05433654785156;-13.65921020507812;2;257429.57296575;3;2;1543855291.184901;257430.366614;0;2.174683;88.91328;0;180294791;1;1;0.2;-1.214557;-15.16433;0
1543855295.138294;125435;0;0;1543855294.001894;4.449865636248468;-75.19944767631372;1147.865;0.09338965;200.3514279052233;3.162277698516846;6.000906205260658;-9999;1543855295.101207;-4.134712219238281;16.738037109375;-27.0245361328125;26.68208503723145;33.3472900390625;20;257433.513211125;-0.2529296875;0.3624725341796875;-0.4483184814453125;257433.514188125;2.777640265329602;-2.710880409439605;1.715650984806486;257433.502286125;119.7057800292969;126.0638427734375;-462.364013671875;257426.715431;-3.090612780249921;-0.2189510307871222;-1.346505640176264;0.7632187604904175;1.147340774536133;-0.6691798567771912;-0.1318636834621429;0.07509815692901611;0.1709253191947937;2;0.1011860221624374;-0.6174211502075195;0.7751286625862122;-0.08790963888168335;-0.04830983281135559;0.9749521017074585;-0.2171050310134888;24.61177825927734;14.05433654785156;-13.65921020507812;2;257429.57296575;3;2;1543855291.184901;257430.366614;0;2.174683;88.91328;0;180294791;1;1;0.2;-1.214557;-15.16433;0
1543855295.140797;125436;0;0;1543855294.001894;4.449865636248468;-75.19944767631372;1147.865;0.09338965;200.3514279052233;3.162277698516846;6.000906205260658;-9999;1543855295.101207;-4.134712219238281;16.738037109375;-27.0245361328125;26.68208503723145;33.3472900390625;20;257433.523221125;-0.353668212890625;0.4182891845703125;-0.170745849609375;257433.514188125;2.777640265329602;-2.710880409439605;1.715650984806486;257433.521664125;119.1807861328125;125.9097137451172;-462.513427734375;257426.715431;-3.090612780249921;-0.2189510307871222;-1.346505640176264;0.7632187604904175;1.147340774536133;-0.6691798567771912;-0.1318636834621429;0.07509815692901611;0.1709253191947937;2;0.1011860221624374;-0.6174211502075195;0.7751286625862122;-0.08790963888168335;-0.04830983281135559;0.9749521017074585;-0.2171050310134888;24.61177825927734;14.05433654785156;-13.65921020507812;2;257429.57296575;3;2;1543855291.184901;257430.366614;0;2.174683;88.91328;0;180294791;1;1;0.2;-1.214557;-15.16433;0
1543855295.144874;125437;0;0;1543855294.001894;4.449865636248468;-75.19944767631372;1147.865;0.09338965;200.3514279052233;3.162277698516846;6.000906205260658;-9999;1543855295.101207;-4.134712219238281;16.738037109375;-27.0245361328125;26.68208503723145;33.3472900390625;20;257433.533231125;-0.3587646484375;0.4918060302734375;-0.10833740234375;257433.534207125;3.370484158747161;-3.290253501431324;1.216371131018355;257433.521664125;119.1807861328125;125.9097137451172;-462.513427734375;257426.715431;-3.090612780249921;-0.2189510307871222;-1.346505640176264;0.7632187604904175;1.147340774536133;-0.6691798567771912;-0.1318636834621429;0.07509815692901611;0.1709253191947937;2;0.1011860221624374;-0.6174211502075195;0.7751286625862122;-0.08790963888168335;-0.04830983281135559;0.9749521017074585;-0.2171050310134888;24.61177825927734;14.05433654785156;-13.65921020507812;2;257429.57296575;3;2;1543855291.184901;257430.366614;0;2.174683;88.91328;0;180294791;1;1;0.2;-1.214557;-15.16433;0
1543855295.154532;125438;0;0;1543855295.0019;4.44986389708336;-75.19945169895142;1147.865;0.04631083;196.7387222871501;3.162277698516846;6.000906205260658;-9999;1543855295.142438;-3.805984497070312;18.16652679443359;-25.52114868164062;24.85004615783691;31.51525115966797;20;257433.543271125;-0.277984619140625;0.498565673828125;-0.01727294921875;257433.534207125;3.370484158747161;-3.290253501431324;1.216371131018355;257433.541012125;117.9810485839844;123.9508361816406;-463.9555358886719;257426.715431;-3.090612780249921;-0.2189510307871222;-1.346505640176264;0.7632187604904175;1.147340774536133;-0.6691798567771912;-0.1318636834621429;0.07509815692901611;0.1709253191947937;2;0.1011860221624374;-0.6174211502075195;0.7751286625862122;-0.08790963888168335;-0.04830983281135559;0.9749521017074585;-0.2171050310134888;24.61177825927734;14.05433654785156;-13.65921020507812;2;257429.57296575;3;2;1543855291.184901;257430.366614;0;2.174683;88.91328;0;180294791;1;1;0.2;-1.771836;-15.48328;0
1543855295.16474;125439;0;0;1543855295.0019;4.44986389708336;-75.19945169895142;1147.865;0.04631083;196.7387222871501;3.162277698516846;6.000906205260658;-9999;1543855295.156529;-4.154953002929688;18.23303985595703;-25.47503662109375;19.67471504211426;26.33992004394531;20;257433.553281125;-0.1390533447265625;0.4403839111328125;-0.0615997314453125;257433.544247125;3.137099101882503;-2.443074528117891;0.9850148702721195;257433.541012125;117.9810485839844;123.9508361816406;-463.9555358886719;257426.715431;-3.090612780249921;-0.2189510307871222;-1.346505640176264;0.7632187604904175;1.147340774536133;-0.6691798567771912;-0.1318636834621429;0.07509815692901611;0.1709253191947937;2;0.1011860221624374;-0.6174211502075195;0.7751286625862122;-0.08790963888168335;-0.04830983281135559;0.9749521017074585;-0.2171050310134888;24.61177825927734;14.05433654785156;-13.65921020507812;2;257429.57296575;3;2;1543855291.184901;257430.366614;0;2.174683;88.91328;0;180294791;1;1;0.2;-1.771836;-15.48328;0
1543855295.174761;125440;0;0;1543855295.0019;4.44986389708336;-75.19945169895142;1147.865;0.04631083;196.7387222871501;3.162277698516846;6.000906205260658;-9999;1543855295.156529;-4.154953002929688;18.23303985595703;-25.47503662109375;19.67471504211426;26.33992004394531;20;257433.563290125;-0.0302276611328125;0.5470123291015625;0.015960693359375;257433.554257125;3.022307804152381;-1.51203847103226;0.8815862156489302;257433.560391125;117.6812744140625;122.9736938476562;-464.4904479980469;257426.715431;-3.090612780249921;-0.2189510307871222;-1.346505640176264;0.7632187604904175;1.147340774536133;-0.6691798567771912;-0.1318636834621429;0.07509815692901611;0.1709253191947937;2;0.1011860221624374;-0.6174211502075195;0.7751286625862122;-0.08790963888168335;-0.04830983281135559;0.9749521017074585;-0.2171050310134888;24.61177825927734;14.05433654785156;-13.65921020507812;2;257429.57296575;3;2;1543855291.184901;257430.366614;0;2.174683;88.91328;0;180294791;1;1;0.2;-2.329115;-15.89382;0
1543855295.184765;125441;0;0;1543855295.0019;4.44986389708336;-75.19945169895142;1147.865;0.04631083;196.7387222871501;3.162277698516846;6.000906205260658;-9999;1543855295.174933;-5.777549743652344;15.41781616210938;-27.46826171875;16.88408660888672;23.54929161071777;20;257433.573331125;0.000152587890625;0.9464263916015625;0.2366790771484375;257433.564267125;3.180088380830779;-0.5490985430358075;1.036087375761005;257433.560391125;117.6812744140625;122.9736938476562;-464.4904479980469;257426.715431;-3.090612780249921;-0.2189510307871222;-1.346505640176264;0.7632187604904175;1.147340774536133;-0.6691798567771912;-0.1318636834621429;0.07509815692901611;0.1709253191947937;2;0.1011860221624374;-0.6174211502075195;0.7751286625862122;-0.08790963888168335;-0.04830983281135559;0.9749521017074585;-0.2171050310134888;24.61177825927734;14.05433654785156;-13.65921020507812;2;257429.57296575;3;2;1543855291.184901;257430.366614;0;2.174683;88.91328;0;180294791;1;1;0.2;-2.329115;-15.89382;0
1543855295.209126;125442;0;0;1543855295.0019;4.44986389708336;-75.19945169895142;1147.865;0.04631083;196.7387222871501;3.162277698516846;6.000906205260658;-9999;1543855295.201505;-5.677375793457031;14.89933013916016;-28.58035278320312;16.53572273254395;23.200927734375;20;257433.583340125;0.14215087890625;1.21160888671875;0.142852783203125;257433.574307125;3.372858899491184;-0.1624946381239478;1.714921278667805;257433.579739125;117.8308563232422;122.5255279541016;-465.7712707519531;257426.715431;-3.090612780249921;-0.2189510307871222;-1.346505640176264;0.7632187604904175;1.147340774536133;-0.6691798567771912;-0.1318636834621429;0.07509815692901611;0.1709253191947937;2;0.1011860221624374;-0.6174211502075195;0.7751286625862122;-0.08790963888168335;-0.04830983281135559;0.9749521017074585;-0.2171050310134888;24.61177825927734;14.05433654785156;-13.65921020507812;2;257429.57296575;3;2;1543855291.184901;257430.366614;0;2.174683;88.91328;0;180294791;1;1;0.2;-2.886394;-15.94337;0
1543855295.211667;125443;0;0;1543855295.0019;4.44986389708336;-75.19945169895142;1147.865;0.04631083;196.7387222871501;3.162277698516846;6.000906205260658;-9999;1543855295.201505;-5.677375793457031;14.89933013916016;-28.58035278320312;16.53572273254395;23.200927734375;20;257433.593350125;0.4111175537109375;1.48114013671875;-0.0359954833984375;257433.584317125;3.723219578812047;0.1725954755064003;2.482113007589035;257433.579739125;117.8308563232422;122.5255279541016;-465.7712707519531;257426.715431;-3.090612780249921;-0.2189510307871222;-1.346505640176264;0.7632187604904175;1.147340774536133;-0.6691798567771912;-0.1318636834621429;0.07509815692901611;0.1709253191947937;2;0.1011860221624374;-0.6174211502075195;0.7751286625862122;-0.08790963888168335;-0.04830983281135559;0.9749521017074585;-0.2171050310134888;24.61177825927734;14.05433654785156;-13.65921020507812;2;257429.57296575;3;2;1543855291.184901;257430.366614;0;2.174683;88.91328;0;180294791;1;1;0.2;-2.886394;-15.94337;0
1543855295.214837;125444;0;0;1543855295.0019;4.44986389708336;-75.19945169895142;1147.865;0.04631083;196.7387222871501;3.162277698516846;6.000906205260658;-9999;1543855295.201505;-5.677375793457031;14.89933013916016;-28.58035278320312;16.53572273254395;23.200927734375;20;257433.603390125;0.58642578125;2.454025268554688;-0.255035400390625;257433.594327125;3.867480351900549;1.122580722696272;3.348101621365589;257433.599118125;119.0301666259766;122.3858947753906;-467.2782592773438;257426.715431;-3.090612780249921;-0.2189510307871222;-1.346505640176264;0.7632187604904175;1.147340774536133;-0.6691798567771912;-0.1318636834621429;0.07509815692901611;0.1709253191947937;2;0.1011860221624374;-0.6174211502075195;0.7751286625862122;-0.08790963888168335;-0.04830983281135559;0.9749521017074585;-0.2171050310134888;24.61177825927734;14.05433654785156;-13.65921020507812;2;257429.57296575;3;2;1543855291.184901;257430.366614;0;2.174683;88.91328;0;180294791;1;1;0.2;-2.886394;-15.94337;0
1543855295.225061;125445;0;0;1543855295.0019;4.44986389708336;-75.19945169895142;1147.865;0.04631083;196.7387222871501;3.162277698516846;6.000906205260658;-9999;1543855295.201505;-5.677375793457031;14.89933013916016;-28.58035278320312;16.53572273254395;23.200927734375;20;257433.613400125;0.6958160400390625;3.46807861328125;-0.4197845458984375;257433.604367125;3.742701933766521;1.353650427309215;4.145664039358084;257433.599118125;119.0301666259766;122.3858947753906;-467.2782592773438;257426.715431;-3.090612780249921;-0.2189510307871222;-1.346505640176264;0.7632187604904175;1.147340774536133;-0.6691798567771912;-0.1318636834621429;0.07509815692901611;0.1709253191947937;2;0.1011860221624374;-0.6174211502075195;0.7751286625862122;-0.08790963888168335;-0.04830983281135559;0.9749521017074585;-0.2171050310134888;24.61177825927734;14.05433654785156;-13.65921020507812;2;257429.57296575;3;2;1543855291.184901;257430.366614;0;2.174683;88.91328;0;180294791;1;1;0.2;-3.443673;-16.3938;0
1543855295.235321;125446;0;0;1543855295.0019;4.44986389708336;-75.19945169895142;1147.865;0.04631083;196.7387222871501;3.162277698516846;6.000906205260658;-9999;1543855295.225499;-4.673957824707031;14.74338531494141;-29.97836303710938;18.325439453125;24.99064445495605;20;257433.623410125;0.6060333251953125;3.862106323242188;-0.6956024169921875;257433.614377125;3.266685857364668;0.7579742620723573;4.285251497365715;257433.618466125;119.9293823242188;122.6187591552734;-468.629638671875;257426.715431;-3.090612780249921;-0.2189510307871222;-1.346505640176264;0.7632187604904175;1.147340774536133;-0.6691798567771912;-0.1318636834621429;0.07509815692901611;0.1709253191947937;2;0.1011860221624374;-0.6174211502075195;0.7751286625862122;-0.08790963888168335;-0.04830983281135559;0.9749521017074585;-0.2171050310134888;24.61177825927734;14.05433654785156;-13.65921020507812;2;257429.57296575;3;2;1543855291.184901;257430.366614;0;2.174683;88.91328;0;180294791;1;1;0.2;-3.443673;-16.3938;0
1543855295.245375;125447;0;0;1543855295.0019;4.44986389708336;-75.19945169895142;1147.865;0.04631083;196.7387222871501;3.162277698516846;6.000906205260658;-9999;1543855295.225499;-4.673957824707031;14.74338531494141;-29.97836303710938;18.325439453125;24.99064445495605;20;257433.633450125;0.208343505859375;3.71453857421875;-0.7442626953125;257433.624387125;2.179450342339819;-0.1158158158014749;3.777976301352948;257433.618466125;119.9293823242188;122.6187591552734;-468.629638671875;257426.715431;-3.090612780249921;-0.2189510307871222;-1.346505640176264;0.7632187604904175;1.147340774536133;-0.6691798567771912;-0.1318636834621429;0.07509815692901611;0.1709253191947937;2;0.1011860221624374;-0.6174211502075195;0.7751286625862122;-0.08790963888168335;-0.04830983281135559;0.9749521017074585;-0.2171050310134888;24.61177825927734;14.05433654785156;-13.65921020507812;2;257429.57296575;3;2;1543855291.184901;257430.366614;0;2.174683;88.91328;0;180294791;1;1;0.2;-4.000952;-4.000952;0
1543855295.255194;125448;0;0;1543855295.0019;4.44986389708336;-75.19945169895142;1147.865;0.04631083;196.7387222871501;3.162277698516846;6.000906205260658;-9999;1543855295.251703;-2.829757690429688;15.51657867431641;-32.47296142578125;18.68789863586426;25.35310363769531;20;257433.643460125;-0.1244354248046875;3.268325805664062;-0.36065673828125;257433.634427125;1.641053179512277;-0.3723810267941826;3.000476541116456;257433.637845125;120.8284759521484;123.37646484375;-469.6749572753906;257426.715431;-3.090612780249921;-0.2189510307871222;-1.346505640176264;0.7632187604904175;1.147340774536133;-0.6691798567771912;-0.1318636834621429;0.07509815692901611;0.1709253191947937;2;0.1011860221624374;-0.6174211502075195;0.7751286625862122;-0.08790963888168335;-0.04830983281135559;0.9749521017074585;-0.2171050310134888;24.61177825927734;14.05433654785156;-13.65921020507812;2;257429.57296575;3;2;1543855291.184901;257430.366614;0;2.174683;88.91328;0;180294791;1;1;0.2;-4.000952;-4.000952;0
1543855295.264968;125449;0;0;1543855295.0019;4.44986389708336;-75.19945169895142;1147.865;0.04631083;196.7387222871501;3.162277698516846;6.000906205260658;-9999;1543855295.251703;-2.829757690429688;15.51657867431641;-32.47296142578125;18.68789863586426;25.35310363769531;20;257433.653470125;-0.313262939453125;2.51177978515625;-0.0631103515625;257433.644437125;1.864223149383718;1.029960507357169;2.525294034135798;257433.637845125;120.8284759521484;123.37646484375;-469.6749572753906;257426.715431;-3.090612780249921;-0.2189510307871222;-1.346505640176264;0.7632187604904175;1.147340774536133;-0.6691798567771912;-0.1318636834621429;0.07509815692901611;0.1709253191947937;2;0.1011860221624374;-0.6174211502075195;0.7751286625862122;-0.08790963888168335;-0.04830983281135559;0.9749521017074585;-0.2171050310134888;24.61177825927734;14.05433654785156;-13.65921020507812;2;257429.57296575;3;2;1543855291.184901;257430.366614;0;2.174683;88.91328;0;180294791;1;1;0.2;-3.37246;-4.185538;0
1543855295.288342;125450;0;0;1543855295.0019;4.44986389708336;-75.19945169895142;1147.865;0.04631083;196.7387222871501;3.162277698516846;6.000906205260658;-9999;1543855295.275452;-1.841567993164062;15.63557434082031;-33.73406982421875;21.07911491394043;27.74431991577148;20;257433.663510125;-0.22650146484375;1.86077880859375;-0.398223876953125;257433.654446125;1.916096201096281;1.740114249947736;2.458303814811509;257433.657193125;121.8778228759766;123.385498046875;-470.9545593261719;257426.715431;-3.090612780249921;-0.2189510307871222;-1.346505640176264;0.7632187604904175;1.147340774536133;-0.6691798567771912;-0.1318636834621429;0.07509815692901611;0.1709253191947937;2;0.1011860221624374;-0.6174211502075195;0.7751286625862122;-0.08790963888168335;-0.04830983281135559;0.9749521017074585;-0.2171050310134888;24.61177825927734;14.05433654785156;-13.65921020507812;2;257429.57296575;3;2;1543855291.184901;257430.366614;0;2.174683;88.91328;0;180294791;1;1;0.2;-3.37246;-4.948503;0
1543855295.290813;125451;0;0;1543855295.0019;4.44986389708336;-75.19945169895142;1147.865;0.04631083;196.7387222871501;3.162277698516846;6.000906205260658;-9999;1543855295.275452;-1.841567993164062;15.63557434082031;-33.73406982421875;21.07911491394043;27.74431991577148;20;257433.673520125;0.1211700439453125;1.62139892578125;-0.7091064453125;257433.664487125;1.670773524645343;0.6371461107832442;2.126380199717265;257433.657193125;121.8778228759766;123.385498046875;-470.9545593261719;257426.715431;-3.090612780249921;-0.2189510307871222;-1.346505640176264;0.7632187604904175;1.147340774536133;-0.6691798567771912;-0.1318636834621429;0.07509815692901611;0.1709253191947937;2;0.1011860221624374;-0.6174211502075195;0.7751286625862122;-0.08790963888168335;-0.04830983281135559;0.9749521017074585;-0.2171050310134888;24.61177825927734;14.05433654785156;-13.65921020507812;2;257429.57296575;3;2;1543855291.184901;257430.366614;0;2.174683;88.91328;0;180294791;1;1;0.2;-3.37246;-4.948503;0
1543855295.29511;125452;0;0;1543855295.0019;4.44986389708336;-75.19945169895142;1147.865;0.04631083;196.7387222871501;3.162277698516846;6.000906205260658;-9999;1543855295.275452;-1.841567993164062;15.63557434082031;-33.73406982421875;21.07911491394043;27.74431991577148;20;257433.683530125;0.4195556640625;1.560791015625;-0.6590576171875;257433.674496125;1.441737143524676;-1.36177200336952;1.536251931663261;257433.676572125;122.1776428222656;123.5380096435547;-471.1791687011719;257426.715431;-3.090612780249921;-0.2189510307871222;-1.346505640176264;0.7632187604904175;1.147340774536133;-0.6691798567771912;-0.1318636834621429;0.07509815692901611;0.1709253191947937;2;0.1011860221624374;-0.6174211502075195;0.7751286625862122;-0.08790963888168335;-0.04830983281135559;0.9749521017074585;-0.2171050310134888;24.61177825927734;14.05433654785156;-13.65921020507812;2;257429.57296575;3;2;1543855291.184901;257430.366614;0;2.174683;88.91328;0;180294791;1;1;0.2;-3.37246;-4.948503;0
1543855295.305137;125453;0;0;1543855295.0019;4.44986389708336;-75.19945169895142;1147.865;0.04631083;196.7387222871501;3.162277698516846;6.000906205260658;-9999;1543855295.301549;-1.318107604980469;15.83259582519531;-34.18026733398438;18.99541664123535;25.66062164306641;20;257433.693570125;0.5300445556640625;1.561309814453125;-0.5632476806640625;257433.684506125;1.166776679934464;-3.170763055957758;1.180703414538924;257433.676572125;122.1776428222656;123.5380096435547;-471.1791687011719;257426.715431;-3.090612780249921;-0.2189510307871222;-1.346505640176264;0.7632187604904175;1.147340774536133;-0.6691798567771912;-0.1318636834621429;0.07509815692901611;0.1709253191947937;2;0.1011860221624374;-0.6174211502075195;0.7751286625862122;-0.08790963888168335;-0.04830983281135559;0.9749521017074585;-0.2171050310134888;24.61177825927734;14.05433654785156;-13.65921020507812;2;257429.57296575;3;2;1543855291.184901;257430.366614;0;2.174683;88.91328;0;180294791;1;1;0.2;-3.37246;-4.948503;0
1543855295.31511;125454;0;0;1543855295.0019;4.44986389708336;-75.19945169895142;1147.865;0.04631083;196.7387222871501;3.162277698516846;6.000906205260658;-9999;1543855295.301549;-1.318107604980469;15.83259582519531;-34.18026733398438;18.99541664123535;25.66062164306641;20;257433.703580125;0.4852142333984375;1.6864013671875;-0.558624267578125;257433.694546125;0.9087091797708422;-4.694392403002371;1.016349091025774;257433.695950125;121.0532073974609;123.4534912109375;-470.1251220703125;257426.715431;-3.090612780249921;-0.2189510307871222;-1.346505640176264;0.7632187604904175;1.147340774536133;-0.6691798567771912;-0.1318636834621429;0.07509815692901611;0.1709253191947937;2;0.1011860221624374;-0.6174211502075195;0.7751286625862122;-0.08790963888168335;-0.04830983281135559;0.9749521017074585;-0.2171050310134888;24.61177825927734;14.05433654785156;-13.65921020507812;2;257429.57296575;3;2;1543855291.184901;257430.366614;0;2.174683;88.91328;0;180294791;1;1;0.2;-3.37246;-5.856817;0
1543855295.325243;125455;0;0;1543855295.0019;4.44986389708336;-75.19945169895142;1147.865;0.04631083;196.7387222871501;3.162277698516846;6.000906205260658;-9999;1543855295.301549;-1.318107604980469;15.83259582519531;-34.18026733398438;18.99541664123535;25.66062164306641;20;257433.713589125;0.3862457275390625;1.746856689453125;-0.482147216796875;257433.704556125;0.7651309748697273;-6.231651009557681;0.9040670236747251;257433.695950125;121.0532073974609;123.4534912109375;-470.1251220703125;257426.715431;-3.090612780249921;-0.2189510307871222;-1.346505640176264;0.7632187604904175;1.147340774536133;-0.6691798567771912;-0.1318636834621429;0.07509815692901611;0.1709253191947937;2;0.1011860221624374;-0.6174211502075195;0.7751286625862122;-0.08790963888168335;-0.04830983281135559;0.9749521017074585;-0.2171050310134888;24.61177825927734;14.05433654785156;-13.65921020507812;2;257429.57296575;3;2;1543855291.184901;257430.366614;0;2.174683;88.91328;0;180294791;1;1;0.2;-3.37246;-5.856817;0
1543855295.335268;125456;0;0;1543855295.0019;4.44986389708336;-75.19945169895142;1147.865;0.04631083;196.7387222871501;3.162277698516846;6.000906205260658;-9999;1543855295.325674;-2.202224731445312;15.78706359863281;-33.35491943359375;10.5167350769043;17.18194007873535;20;257433.723630125;0.377349853515625;1.590118408203125;-0.3127899169921875;257433.724606125;1.25331290376328;-8.212232194340814;0.7505549615915056;257433.715298125;118.8045043945312;123.6591186523438;-467.3375854492188;257426.715431;-3.090612780249921;-0.2189510307871222;-1.346505640176264;0.7632187604904175;1.147340774536133;-0.6691798567771912;-0.1318636834621429;0.07509815692901611;0.1709253191947937;2;0.1011860221624374;-0.6174211502075195;0.7751286625862122;-0.08790963888168335;-0.04830983281135559;0.9749521017074585;-0.2171050310134888;24.61177825927734;14.05433654785156;-13.65921020507812;2;257429.57296575;3;2;1543855291.184901;257430.366614;0;2.174683;88.91328;0;180294791;1;1;0.2;-3.37246;-6.483268;0
1543855295.3454;125457;0;0;1543855295.0019;4.44986389708336;-75.19945169895142;1147.865;0.04631083;196.7387222871501;3.162277698516846;6.000906205260658;-9999;1543855295.325674;-2.202224731445312;15.78706359863281;-33.35491943359375;10.5167350769043;17.18194007873535;20;257433.733639125;0.3372955322265625;1.265869140625;-0.120849609375;257433.724606125;1.25331290376328;-8.212232194340814;0.7505549615915056;257433.715298125;118.8045043945312;123.6591186523438;-467.3375854492188;257426.715431;-3.090612780249921;-0.2189510307871222;-1.346505640176264;0.7632187604904175;1.147340774536133;-0.6691798567771912;-0.1318636834621429;0.07509815692901611;0.1709253191947937;2;0.1011860221624374;-0.6174211502075195;0.7751286625862122;-0.087